[2026-01-17 15:18:10] info: 	z2m: Logging to console, file (filename: log.log)
[2026-01-17 15:18:11] info: 	z2m: Starting Zigbee2MQTT version 2.7.2 (commit #3a49c95786c2fba749e7696aab4cc38e467d2c4c
)
[2026-01-17 15:18:11] info: 	z2m: Starting zigbee-herdsman (8.0.1)
[2026-01-17 15:18:11] info: 	zh:ember: Using default stack config.
[2026-01-17 15:18:11] info: 	zh:ember: ======== Ember Adapter Starting ========
[2026-01-17 15:18:11] info: 	zh:ember:ezsp: ======== EZSP starting ========
[2026-01-17 15:18:11] info: 	zh:ember:uart:ash: ======== ASH Adapter reset ========
[2026-01-17 15:18:11] info: 	zh:ember:uart:ash: Serial port opened
[2026-01-17 15:18:11] info: 	zh:ember:uart:ash: ======== ASH starting ========
[2026-01-17 15:18:41] info: 	zh:ember:uart:ash: ======== ASH Adapter reset ========
[2026-01-17 15:18:41] info: 	zh:ember:uart:ash: ======== ASH starting ========
[2026-01-17 15:18:42] info: 	zh:ember:uart:ash: ======== ASH connected ========
[2026-01-17 15:18:42] info: 	zh:ember:uart:ash: ======== ASH started ========
[2026-01-17 15:18:42] info: 	zh:ember:ezsp: ======== EZSP started ========
[2026-01-17 15:18:42] info: 	zh:ember: Adapter EZSP protocol version (13) lower than Host. Switched.
[2026-01-17 15:18:42] info: 	zh:ember: Adapter version info: {"ezsp":13,"revision":"7.4.4 [GA]","build":0,"major":7,"minor":4,"patch":4,"special":0,"type":170}
[2026-01-17 15:18:42] info: 	zh:ember: [STACK STATUS] Network up.
[2026-01-17 15:18:42] info: 	zh:ember: [INIT TC] Adapter network matches config.
[2026-01-17 15:18:42] info: 	zh:ember: [CONCENTRATOR] Started source route discovery. 1249ms until next broadcast.
[2026-01-17 15:18:42] info: 	z2m: zigbee-herdsman started (resumed)
[2026-01-17 15:18:42] info: 	z2m: Coordinator firmware version: '{"meta":{"build":0,"ezsp":13,"major":7,"minor":4,"patch":4,"revision":"7.4.4 [GA]","special":0,"type":170},"type":"EmberZNet"}'
[2026-01-17 15:18:42] info: 	z2m: hue_bedroom3 (0x001788010c447ec6): 929001953301 - Philips Hue white ambiance GU10 with Bluetooth (Router)
[2026-01-17 15:18:42] info: 	z2m: 0x180df9fffe11030e (0x180df9fffe11030e): Not supported (Unknown)
[2026-01-17 15:18:42] info: 	z2m: Currently 2 devices are joined.
[2026-01-17 15:18:42] info: 	z2m: Connecting to MQTT server at mqtt://mosquitto:1883
[2026-01-17 15:18:43] info: 	z2m: Connected to MQTT server
[2026-01-17 15:18:43] info: 	z2m:mqtt: MQTT publish: topic 'zigbee2mqtt/bridge/state', payload '{"state":"online"}'
[2026-01-17 15:18:43] info: 	z2m: Started frontend on port 8080
[2026-01-17 15:18:43] info: 	z2m:mqtt: MQTT publish: topic 'zigbee2mqtt/hue_bedroom3', payload '{"state":"ON"}'
[2026-01-17 15:18:43] info: 	z2m: Zigbee2MQTT started!
[2026-01-17 15:18:44] warning: 	zh:controller:database: Found '/app/data/database.db.tmp' when writing database, indicating past write failure; renamed it to '/app/data/database.db.tmp.2026-01-17T14-18-44.321Z'
[2026-01-17 15:18:44] info: 	zh:controller: Interview for '0x180df9fffe6dc582' started
[2026-01-17 15:18:44] info: 	z2m: Device '0x180df9fffe6dc582' joined
[2026-01-17 15:18:44] info: 	z2m: Starting interview of '0x180df9fffe6dc582'
[2026-01-17 15:18:44] info: 	z2m:mqtt: MQTT publish: topic 'zigbee2mqtt/bridge/event', payload '{"data":{"friendly_name":"0x180df9fffe6dc582","ieee_address":"0x180df9fffe6dc582"},"type":"device_joined"}'
[2026-01-17 15:18:44] info: 	z2m:mqtt: MQTT publish: topic 'zigbee2mqtt/bridge/event', payload '{"data":{"friendly_name":"0x180df9fffe6dc582","ieee_address":"0x180df9fffe6dc582","status":"started"},"type":"device_interview"}'
[2026-01-17 15:19:12] error: 	zh:controller: Interview failed for '0x180df9fffe6dc582 with error 'Error: Interview failed because can not get node descriptor ('0x180df9fffe6dc582')'
[2026-01-17 15:19:13] error: 	z2m: Failed to interview '0x180df9fffe6dc582', device has not successfully been paired
[2026-01-17 15:19:13] info: 	z2m:mqtt: MQTT publish: topic 'zigbee2mqtt/bridge/event', payload '{"data":{"friendly_name":"0x180df9fffe6dc582","ieee_address":"0x180df9fffe6dc582","status":"failed"},"type":"device_interview"}'
[2026-01-17 15:19:22] info: 	z2m: Zigbee: allowing new devices to join.
[2026-01-17 15:19:22] info: 	zh:ember: [STACK STATUS] Network opened.
[2026-01-17 15:19:23] info: 	z2m:mqtt: MQTT publish: topic 'zigbee2mqtt/bridge/response/permit_join', payload '{"data":{"time":254},"status":"ok","transaction":"e7nae-1"}'
[2026-01-17 15:19:23] error: 	zh:ember: Delivery of BROADCAST failed for '65532'.
[2026-01-17 15:19:23] error: 	zh:ember: Delivery of BROADCAST failed for '65533'.
[2026-01-17 15:20:03] info: 	zh:controller: Interview for '0x180df9fffe11030e' started
[2026-01-17 15:20:03] info: 	z2m: Starting interview of '0x180df9fffe11030e'
[2026-01-17 15:20:03] info: 	z2m:mqtt: MQTT publish: topic 'zigbee2mqtt/bridge/event', payload '{"data":{"friendly_name":"0x180df9fffe11030e","ieee_address":"0x180df9fffe11030e","status":"started"},"type":"device_interview"}'
[2026-01-17 15:20:11] info: 	z2m:mqtt: MQTT publish: topic 'zigbee2mqtt/bridge/event', payload '{"data":{"friendly_name":"0x180df9fffe11030e","ieee_address":"0x180df9fffe11030e"},"type":"device_announce"}'
[2026-01-17 15:20:13] info: 	zh:controller: Succesfully interviewed '0x180df9fffe11030e'
[2026-01-17 15:20:13] info: 	z2m: Successfully interviewed '0x180df9fffe11030e', device has successfully been paired
[2026-01-17 15:20:13] info: 	z2m: Device '0x180df9fffe11030e' is supported, identified as: IKEA TRETAKT smart plug (E22x4)
[2026-01-17 15:20:13] info: 	z2m: Configuring '0x180df9fffe11030e'
[2026-01-17 15:20:13] info: 	z2m:mqtt: MQTT publish: topic 'zigbee2mqtt/bridge/event', payload '{"data":{"definition":{"description":"TRETAKT smart plug","exposes":[{"features":[{"access":7,"description":"On/off state of the switch","label":"State","name":"state","property":"state","type":"binary","value_off":"OFF","value_on":"ON","value_toggle":"TOGGLE"}],"type":"switch"},{"access":7,"category":"config","description":"Controls the behavior when the device is powered on after power loss","label":"Power-on behavior","name":"power_on_behavior","property":"power_on_behavior","type":"enum","values":["off","on","toggle","previous"]},{"access":7,"category":"config","description":"Enables/disables physical input on the device.","label":"Child lock","name":"child_lock","property":"child_lock","type":"binary","value_off":"UNLOCK","value_on":"LOCK"},{"access":2,"category":"config","description":"Initiate device identification","label":"Identify","name":"identify","property":"identify","type":"enum","values":["identify"]},{"access":1,"category":"diagnostic","description":"Link quality (signal strength)","label":"Linkquality","name":"linkquality","property":"linkquality","type":"numeric","unit":"lqi","value_max":255,"value_min":0}],"model":"E22x4","options":[{"access":2,"description":"Sets the duration of the identification procedure in seconds (i.e., how long the device would flash).The value ranges from 1 to 30 seconds (default: 3).","label":"Identify timeout","name":"identify_timeout","property":"identify_timeout","type":"numeric","value_max":30,"value_min":1},{"access":2,"description":"State actions will also be published as 'action' when true (default false).","label":"State action","name":"state_action","property":"state_action","type":"binary","value_off":false,"value_on":true}],"source":"native","supports_ota":true,"vendor":"IKEA"},"friendly_name":"0x180df9fffe11030e","ieee_address":"0x180df9fffe11030e","status":"successful","supported":true},"type":"device_interview"}'
[2026-01-17 15:20:13] info: 	z2m:mqtt: MQTT publish: topic 'zigbee2mqtt/0x180df9fffe11030e', payload '{"linkquality":152,"state":"OFF"}'
[2026-01-17 15:20:13] info: 	z2m:mqtt: MQTT publish: topic 'zigbee2mqtt/0x180df9fffe11030e', payload '{"linkquality":156,"power_on_behavior":"previous","state":"OFF"}'
[2026-01-17 15:20:13] info: 	z2m: Successfully configured '0x180df9fffe11030e'
[2026-01-17 15:20:19] info: 	z2m:mqtt: MQTT publish: topic 'zigbee2mqtt/0x180df9fffe11030e', payload '{"linkquality":156,"power_on_behavior":"previous","state":"ON"}'
[2026-01-17 15:20:19] info: 	z2m:mqtt: MQTT publish: topic 'zigbee2mqtt/0x180df9fffe11030e', payload '{"linkquality":156,"power_on_behavior":"previous","state":"ON"}'
[2026-01-17 15:20:19] info: 	z2m:mqtt: MQTT publish: topic 'zigbee2mqtt/0x180df9fffe11030e', payload '{"linkquality":160,"power_on_behavior":"previous","state":"OFF"}'
[2026-01-17 15:20:19] info: 	z2m:mqtt: MQTT publish: topic 'zigbee2mqtt/0x180df9fffe11030e', payload '{"linkquality":156,"power_on_behavior":"previous","state":"OFF"}'
[2026-01-17 15:20:20] info: 	z2m:mqtt: MQTT publish: topic 'zigbee2mqtt/0x180df9fffe11030e', payload '{"linkquality":152,"power_on_behavior":"previous","state":"ON"}'
[2026-01-17 15:20:20] info: 	z2m:mqtt: MQTT publish: topic 'zigbee2mqtt/0x180df9fffe11030e', payload '{"linkquality":156,"power_on_behavior":"previous","state":"ON"}'
[2026-01-17 15:20:37] info: 	z2m:mqtt: MQTT publish: topic 'zigbee2mqtt/0x180df9fffe11030e', payload ''
[2026-01-17 15:20:37] info: 	z2m:mqtt: MQTT publish: topic 'zigbee2mqtt/ikea_donut', payload '{"linkquality":156,"power_on_behavior":"previous","state":"ON"}'
[2026-01-17 15:20:37] info: 	z2m:mqtt: MQTT publish: topic 'zigbee2mqtt/bridge/response/device/rename', payload '{"data":{"from":"0x180df9fffe11030e","homeassistant_rename":false,"to":"ikea_donut"},"status":"ok","transaction":"e7nae-2"}'
[2026-01-17 15:20:44] info: 	zhc:ota: [0x180df9fffe11030e | TRETAKT Smart plug] Firmware release notes: https://ww8.ikea.com/ikeahomesmart/releasenotes/releasenotes.html
[2026-01-17 15:20:44] info: 	z2m:mqtt: MQTT publish: topic 'zigbee2mqtt/ikea_donut', payload '{"linkquality":196,"power_on_behavior":"previous","state":"ON","update":{"installed_version":33816580,"latest_version":33816613,"state":"available"}}'
[2026-01-17 15:20:44] info: 	z2m: Update available for 'ikea_donut'
[2026-01-17 15:20:59] info: 	zh:controller: Interview for '0x180df9fffe380cc7' started
[2026-01-17 15:20:59] info: 	z2m: Device '0x180df9fffe380cc7' joined
[2026-01-17 15:20:59] info: 	z2m: Starting interview of '0x180df9fffe380cc7'
[2026-01-17 15:20:59] info: 	z2m:mqtt: MQTT publish: topic 'zigbee2mqtt/bridge/event', payload '{"data":{"friendly_name":"0x180df9fffe380cc7","ieee_address":"0x180df9fffe380cc7"},"type":"device_joined"}'
[2026-01-17 15:20:59] info: 	z2m:mqtt: MQTT publish: topic 'zigbee2mqtt/bridge/event', payload '{"data":{"friendly_name":"0x180df9fffe380cc7","ieee_address":"0x180df9fffe380cc7","status":"started"},"type":"device_interview"}'
[2026-01-17 15:20:59] info: 	z2m:mqtt: MQTT publish: topic 'zigbee2mqtt/bridge/event', payload '{"data":{"friendly_name":"0x180df9fffe380cc7","ieee_address":"0x180df9fffe380cc7"},"type":"device_announce"}'
[2026-01-17 15:21:00] info: 	zh:controller: Succesfully interviewed '0x180df9fffe380cc7'
[2026-01-17 15:21:00] info: 	z2m: Successfully interviewed '0x180df9fffe380cc7', device has successfully been paired
[2026-01-17 15:21:00] info: 	z2m: Device '0x180df9fffe380cc7' is supported, identified as: IKEA TRETAKT smart plug (E22x4)
[2026-01-17 15:21:00] info: 	z2m: Configuring '0x180df9fffe380cc7'
[2026-01-17 15:21:00] info: 	z2m:mqtt: MQTT publish: topic 'zigbee2mqtt/bridge/event', payload '{"data":{"definition":{"description":"TRETAKT smart plug","exposes":[{"features":[{"access":7,"description":"On/off state of the switch","label":"State","name":"state","property":"state","type":"binary","value_off":"OFF","value_on":"ON","value_toggle":"TOGGLE"}],"type":"switch"},{"access":7,"category":"config","description":"Controls the behavior when the device is powered on after power loss","label":"Power-on behavior","name":"power_on_behavior","property":"power_on_behavior","type":"enum","values":["off","on","toggle","previous"]},{"access":7,"category":"config","description":"Enables/disables physical input on the device.","label":"Child lock","name":"child_lock","property":"child_lock","type":"binary","value_off":"UNLOCK","value_on":"LOCK"},{"access":2,"category":"config","description":"Initiate device identification","label":"Identify","name":"identify","property":"identify","type":"enum","values":["identify"]},{"access":1,"category":"diagnostic","description":"Link quality (signal strength)","label":"Linkquality","name":"linkquality","property":"linkquality","type":"numeric","unit":"lqi","value_max":255,"value_min":0}],"model":"E22x4","options":[{"access":2,"description":"Sets the duration of the identification procedure in seconds (i.e., how long the device would flash).The value ranges from 1 to 30 seconds (default: 3).","label":"Identify timeout","name":"identify_timeout","property":"identify_timeout","type":"numeric","value_max":30,"value_min":1},{"access":2,"description":"State actions will also be published as 'action' when true (default false).","label":"State action","name":"state_action","property":"state_action","type":"binary","value_off":false,"value_on":true}],"source":"native","supports_ota":true,"vendor":"IKEA"},"friendly_name":"0x180df9fffe380cc7","ieee_address":"0x180df9fffe380cc7","status":"successful","supported":true},"type":"device_interview"}'
[2026-01-17 15:21:01] info: 	z2m:mqtt: MQTT publish: topic 'zigbee2mqtt/0x180df9fffe380cc7', payload '{"linkquality":188,"state":"OFF"}'
[2026-01-17 15:21:01] info: 	z2m:mqtt: MQTT publish: topic 'zigbee2mqtt/0x180df9fffe380cc7', payload '{"linkquality":184,"power_on_behavior":"previous","state":"OFF"}'
[2026-01-17 15:21:01] info: 	z2m: Successfully configured '0x180df9fffe380cc7'
[2026-01-17 15:21:07] info: 	z2m:mqtt: MQTT publish: topic 'zigbee2mqtt/0x180df9fffe380cc7', payload '{"linkquality":208,"power_on_behavior":"previous","state":"ON"}'
[2026-01-17 15:21:07] info: 	z2m:mqtt: MQTT publish: topic 'zigbee2mqtt/0x180df9fffe380cc7', payload '{"linkquality":212,"power_on_behavior":"previous","state":"ON"}'
[2026-01-17 15:21:56] info: 	z2m:mqtt: MQTT publish: topic 'zigbee2mqtt/0x180df9fffe380cc7', payload ''
[2026-01-17 15:21:56] info: 	z2m:mqtt: MQTT publish: topic 'zigbee2mqtt/sofa_light', payload '{"linkquality":212,"power_on_behavior":"previous","state":"ON"}'
[2026-01-17 15:21:56] info: 	z2m:mqtt: MQTT publish: topic 'zigbee2mqtt/bridge/response/device/rename', payload '{"data":{"from":"0x180df9fffe380cc7","homeassistant_rename":false,"to":"sofa_light"},"status":"ok","transaction":"e7nae-3"}'
[2026-01-17 15:22:51] info: 	zh:controller: Interview for '0x180df9fffe6dc582' started
[2026-01-17 15:22:51] info: 	z2m: Starting interview of '0x180df9fffe6dc582'
[2026-01-17 15:22:51] info: 	z2m:mqtt: MQTT publish: topic 'zigbee2mqtt/bridge/event', payload '{"data":{"friendly_name":"0x180df9fffe6dc582","ieee_address":"0x180df9fffe6dc582","status":"started"},"type":"device_interview"}'
[2026-01-17 15:22:51] info: 	z2m:mqtt: MQTT publish: topic 'zigbee2mqtt/bridge/event', payload '{"data":{"friendly_name":"0x180df9fffe6dc582","ieee_address":"0x180df9fffe6dc582"},"type":"device_announce"}'
[2026-01-17 15:22:52] info: 	zh:controller: Succesfully interviewed '0x180df9fffe6dc582'
[2026-01-17 15:22:52] info: 	z2m: Successfully interviewed '0x180df9fffe6dc582', device has successfully been paired
[2026-01-17 15:22:52] info: 	z2m: Device '0x180df9fffe6dc582' is supported, identified as: IKEA TRETAKT smart plug (E22x4)
[2026-01-17 15:22:52] info: 	z2m: Configuring '0x180df9fffe6dc582'
[2026-01-17 15:22:52] info: 	z2m:mqtt: MQTT publish: topic 'zigbee2mqtt/bridge/event', payload '{"data":{"definition":{"description":"TRETAKT smart plug","exposes":[{"features":[{"access":7,"description":"On/off state of the switch","label":"State","name":"state","property":"state","type":"binary","value_off":"OFF","value_on":"ON","value_toggle":"TOGGLE"}],"type":"switch"},{"access":7,"category":"config","description":"Controls the behavior when the device is powered on after power loss","label":"Power-on behavior","name":"power_on_behavior","property":"power_on_behavior","type":"enum","values":["off","on","toggle","previous"]},{"access":7,"category":"config","description":"Enables/disables physical input on the device.","label":"Child lock","name":"child_lock","property":"child_lock","type":"binary","value_off":"UNLOCK","value_on":"LOCK"},{"access":2,"category":"config","description":"Initiate device identification","label":"Identify","name":"identify","property":"identify","type":"enum","values":["identify"]},{"access":1,"category":"diagnostic","description":"Link quality (signal strength)","label":"Linkquality","name":"linkquality","property":"linkquality","type":"numeric","unit":"lqi","value_max":255,"value_min":0}],"model":"E22x4","options":[{"access":2,"description":"Sets the duration of the identification procedure in seconds (i.e., how long the device would flash).The value ranges from 1 to 30 seconds (default: 3).","label":"Identify timeout","name":"identify_timeout","property":"identify_timeout","type":"numeric","value_max":30,"value_min":1},{"access":2,"description":"State actions will also be published as 'action' when true (default false).","label":"State action","name":"state_action","property":"state_action","type":"binary","value_off":false,"value_on":true}],"source":"native","supports_ota":true,"vendor":"IKEA"},"friendly_name":"0x180df9fffe6dc582","ieee_address":"0x180df9fffe6dc582","status":"successful","supported":true},"type":"device_interview"}'
[2026-01-17 15:22:53] info: 	z2m:mqtt: MQTT publish: topic 'zigbee2mqtt/0x180df9fffe6dc582', payload '{"linkquality":184,"state":"OFF"}'
[2026-01-17 15:22:53] info: 	z2m:mqtt: MQTT publish: topic 'zigbee2mqtt/0x180df9fffe6dc582', payload '{"linkquality":184,"power_on_behavior":"previous","state":"OFF"}'
[2026-01-17 15:22:53] info: 	z2m: Successfully configured '0x180df9fffe6dc582'
[2026-01-17 15:22:59] info: 	z2m:mqtt: MQTT publish: topic 'zigbee2mqtt/0x180df9fffe6dc582', payload '{"linkquality":180,"power_on_behavior":"previous","state":"ON"}'
[2026-01-17 15:22:59] info: 	z2m:mqtt: MQTT publish: topic 'zigbee2mqtt/0x180df9fffe6dc582', payload '{"linkquality":180,"power_on_behavior":"previous","state":"ON"}'
[2026-01-17 15:23:11] info: 	zhc:ota: [0x180df9fffe6dc582 | TRETAKT Smart plug] Firmware release notes: https://ww8.ikea.com/ikeahomesmart/releasenotes/releasenotes.html
[2026-01-17 15:23:11] info: 	z2m:mqtt: MQTT publish: topic 'zigbee2mqtt/0x180df9fffe6dc582', payload '{"linkquality":180,"power_on_behavior":"previous","state":"ON","update":{"installed_version":33816580,"latest_version":33816613,"state":"available"}}'
[2026-01-17 15:23:11] info: 	z2m: Update available for '0x180df9fffe6dc582'
[2026-01-17 15:23:33] info: 	zh:ember: [STACK STATUS] Network closed.
[2026-01-17 15:23:35] info: 	z2m:mqtt: MQTT publish: topic 'zigbee2mqtt/0x180df9fffe6dc582', payload ''
[2026-01-17 15:23:35] info: 	z2m:mqtt: MQTT publish: topic 'zigbee2mqtt/light_bulb', payload '{"linkquality":180,"power_on_behavior":"previous","state":"ON","update":{"installed_version":33816580,"latest_version":33816613,"state":"available"}}'
[2026-01-17 15:23:35] info: 	z2m:mqtt: MQTT publish: topic 'zigbee2mqtt/bridge/response/device/rename', payload '{"data":{"from":"0x180df9fffe6dc582","homeassistant_rename":false,"to":"light_bulb"},"status":"ok","transaction":"e7nae-4"}'
[2026-01-17 15:24:11] info: 	zh:controller: Interview for '0x180df9fffe384006' started
[2026-01-17 15:24:11] info: 	z2m: Device '0x180df9fffe384006' joined
[2026-01-17 15:24:11] info: 	z2m: Starting interview of '0x180df9fffe384006'
[2026-01-17 15:24:11] info: 	z2m:mqtt: MQTT publish: topic 'zigbee2mqtt/bridge/event', payload '{"data":{"friendly_name":"0x180df9fffe384006","ieee_address":"0x180df9fffe384006"},"type":"device_joined"}'
[2026-01-17 15:24:11] info: 	z2m:mqtt: MQTT publish: topic 'zigbee2mqtt/bridge/event', payload '{"data":{"friendly_name":"0x180df9fffe384006","ieee_address":"0x180df9fffe384006","status":"started"},"type":"device_interview"}'
[2026-01-17 15:24:11] info: 	z2m:mqtt: MQTT publish: topic 'zigbee2mqtt/bridge/event', payload '{"data":{"friendly_name":"0x180df9fffe384006","ieee_address":"0x180df9fffe384006"},"type":"device_announce"}'
[2026-01-17 15:24:12] info: 	zh:controller: Succesfully interviewed '0x180df9fffe384006'
[2026-01-17 15:24:12] info: 	z2m: Successfully interviewed '0x180df9fffe384006', device has successfully been paired
[2026-01-17 15:24:12] info: 	z2m: Device '0x180df9fffe384006' is supported, identified as: IKEA TRETAKT smart plug (E22x4)
[2026-01-17 15:24:12] info: 	z2m: Configuring '0x180df9fffe384006'
[2026-01-17 15:24:12] info: 	z2m:mqtt: MQTT publish: topic 'zigbee2mqtt/bridge/event', payload '{"data":{"definition":{"description":"TRETAKT smart plug","exposes":[{"features":[{"access":7,"description":"On/off state of the switch","label":"State","name":"state","property":"state","type":"binary","value_off":"OFF","value_on":"ON","value_toggle":"TOGGLE"}],"type":"switch"},{"access":7,"category":"config","description":"Controls the behavior when the device is powered on after power loss","label":"Power-on behavior","name":"power_on_behavior","property":"power_on_behavior","type":"enum","values":["off","on","toggle","previous"]},{"access":7,"category":"config","description":"Enables/disables physical input on the device.","label":"Child lock","name":"child_lock","property":"child_lock","type":"binary","value_off":"UNLOCK","value_on":"LOCK"},{"access":2,"category":"config","description":"Initiate device identification","label":"Identify","name":"identify","property":"identify","type":"enum","values":["identify"]},{"access":1,"category":"diagnostic","description":"Link quality (signal strength)","label":"Linkquality","name":"linkquality","property":"linkquality","type":"numeric","unit":"lqi","value_max":255,"value_min":0}],"model":"E22x4","options":[{"access":2,"description":"Sets the duration of the identification procedure in seconds (i.e., how long the device would flash).The value ranges from 1 to 30 seconds (default: 3).","label":"Identify timeout","name":"identify_timeout","property":"identify_timeout","type":"numeric","value_max":30,"value_min":1},{"access":2,"description":"State actions will also be published as 'action' when true (default false).","label":"State action","name":"state_action","property":"state_action","type":"binary","value_off":false,"value_on":true}],"source":"native","supports_ota":true,"vendor":"IKEA"},"friendly_name":"0x180df9fffe384006","ieee_address":"0x180df9fffe384006","status":"successful","supported":true},"type":"device_interview"}'
[2026-01-17 15:24:12] info: 	z2m:mqtt: MQTT publish: topic 'zigbee2mqtt/0x180df9fffe384006', payload '{"linkquality":184,"state":"OFF"}'
[2026-01-17 15:24:13] info: 	z2m:mqtt: MQTT publish: topic 'zigbee2mqtt/0x180df9fffe384006', payload '{"linkquality":188,"power_on_behavior":"previous","state":"OFF"}'
[2026-01-17 15:24:13] info: 	z2m: Successfully configured '0x180df9fffe384006'
[2026-01-17 15:24:21] info: 	z2m:mqtt: MQTT publish: topic 'zigbee2mqtt/0x180df9fffe384006', payload '{"linkquality":184,"power_on_behavior":"previous","state":"ON"}'
[2026-01-17 15:24:21] info: 	z2m:mqtt: MQTT publish: topic 'zigbee2mqtt/0x180df9fffe384006', payload '{"linkquality":184,"power_on_behavior":"previous","state":"ON"}'
[2026-01-17 15:24:23] info: 	zhc:ota: [0x180df9fffe380cc7 | TRETAKT Smart plug] Firmware release notes: https://ww8.ikea.com/ikeahomesmart/releasenotes/releasenotes.html
[2026-01-17 15:24:23] info: 	z2m:mqtt: MQTT publish: topic 'zigbee2mqtt/sofa_light', payload '{"linkquality":204,"power_on_behavior":"previous","state":"ON","update":{"installed_version":33816580,"latest_version":33816613,"state":"available"}}'
[2026-01-17 15:24:23] info: 	z2m: Update available for 'sofa_light'
[2026-01-17 15:24:48] info: 	z2m:mqtt: MQTT publish: topic 'zigbee2mqtt/0x180df9fffe384006', payload ''
[2026-01-17 15:24:48] info: 	z2m:mqtt: MQTT publish: topic 'zigbee2mqtt/ball_light', payload '{"linkquality":184,"power_on_behavior":"previous","state":"ON"}'
[2026-01-17 15:24:48] info: 	z2m:mqtt: MQTT publish: topic 'zigbee2mqtt/bridge/response/device/rename', payload '{"data":{"from":"0x180df9fffe384006","homeassistant_rename":false,"to":"ball_light"},"status":"ok","transaction":"e7nae-5"}'
[2026-01-17 15:25:21] info: 	zhc:ota: [0x180df9fffe384006 | TRETAKT Smart plug] Firmware release notes: https://ww8.ikea.com/ikeahomesmart/releasenotes/releasenotes.html
[2026-01-17 15:25:21] info: 	z2m:mqtt: MQTT publish: topic 'zigbee2mqtt/ball_light', payload '{"linkquality":156,"power_on_behavior":"previous","state":"ON","update":{"installed_version":33816580,"latest_version":33816613,"state":"available"}}'
[2026-01-17 15:25:21] info: 	z2m: Update available for 'ball_light'
[2026-01-17 15:28:43] info: 	z2m:mqtt: MQTT publish: topic 'zigbee2mqtt/bridge/health', payload '{"response_time":1768660123214,"os":{"load_average":[0.02,0.67,0.63],"memory_used_mb":1044.61,"memory_percent":27.5125},"process":{"uptime_sec":614,"memory_used_mb":128.46,"memory_percent":3.3834},"mqtt":{"connected":true,"queued":0,"published":204,"received":19},"devices":{"0x180df9fffe6dc582":{"messages":20,"messages_per_sec":0.0334,"leave_count":0,"network_address_changes":0},"0x180df9fffe11030e":{"messages":24,"messages_per_sec":0.0462,"leave_count":0,"network_address_changes":0},"0x180df9fffe380cc7":{"messages":20,"messages_per_sec":0.0431,"leave_count":0,"network_address_changes":0},"0x180df9fffe384006":{"messages":19,"messages_per_sec":0.0699,"leave_count":0,"network_address_changes":0}}}'
[2026-01-17 15:38:43] info: 	z2m:mqtt: MQTT publish: topic 'zigbee2mqtt/bridge/health', payload '{"response_time":1768660723213,"os":{"load_average":[0.02,0.12,0.34],"memory_used_mb":1019.67,"memory_percent":26.8555},"process":{"uptime_sec":1214,"memory_used_mb":128.54,"memory_percent":3.3855},"mqtt":{"connected":true,"queued":0,"published":206,"received":19},"devices":{"0x180df9fffe6dc582":{"messages":20,"messages_per_sec":0.0167,"leave_count":0,"network_address_changes":0},"0x180df9fffe11030e":{"messages":24,"messages_per_sec":0.0214,"leave_count":0,"network_address_changes":0},"0x180df9fffe380cc7":{"messages":20,"messages_per_sec":0.0188,"leave_count":0,"network_address_changes":0},"0x180df9fffe384006":{"messages":19,"messages_per_sec":0.0218,"leave_count":0,"network_address_changes":0}}}'
[2026-01-17 15:48:43] info: 	z2m:mqtt: MQTT publish: topic 'zigbee2mqtt/bridge/health', payload '{"response_time":1768661323212,"os":{"load_average":[0,0.01,0.16],"memory_used_mb":1009.93,"memory_percent":26.599},"process":{"uptime_sec":1814,"memory_used_mb":128.41,"memory_percent":3.3819},"mqtt":{"connected":true,"queued":0,"published":208,"received":19},"devices":{"0x180df9fffe6dc582":{"messages":20,"messages_per_sec":0.0111,"leave_count":0,"network_address_changes":0},"0x180df9fffe11030e":{"messages":24,"messages_per_sec":0.014,"leave_count":0,"network_address_changes":0},"0x180df9fffe380cc7":{"messages":20,"messages_per_sec":0.012,"leave_count":0,"network_address_changes":0},"0x180df9fffe384006":{"messages":19,"messages_per_sec":0.0129,"leave_count":0,"network_address_changes":0}}}'
[2026-01-17 15:58:43] info: 	z2m:mqtt: MQTT publish: topic 'zigbee2mqtt/bridge/health', payload '{"response_time":1768661923213,"os":{"load_average":[0,0,0.07],"memory_used_mb":1010.49,"memory_percent":26.6137},"process":{"uptime_sec":2414,"memory_used_mb":128.48,"memory_percent":3.3838},"mqtt":{"connected":true,"queued":0,"published":210,"received":19},"devices":{"0x180df9fffe6dc582":{"messages":20,"messages_per_sec":0.0083,"leave_count":0,"network_address_changes":0},"0x180df9fffe11030e":{"messages":24,"messages_per_sec":0.0103,"leave_count":0,"network_address_changes":0},"0x180df9fffe380cc7":{"messages":20,"messages_per_sec":0.0088,"leave_count":0,"network_address_changes":0},"0x180df9fffe384006":{"messages":19,"messages_per_sec":0.0092,"leave_count":0,"network_address_changes":0}}}'
[2026-01-17 16:08:43] info: 	z2m:mqtt: MQTT publish: topic 'zigbee2mqtt/bridge/health', payload '{"response_time":1768662523214,"os":{"load_average":[0,0,0.02],"memory_used_mb":1021.89,"memory_percent":26.9142},"process":{"uptime_sec":3014,"memory_used_mb":128.56,"memory_percent":3.386},"mqtt":{"connected":true,"queued":0,"published":212,"received":19},"devices":{"0x180df9fffe6dc582":{"messages":20,"messages_per_sec":0.0067,"leave_count":0,"network_address_changes":0},"0x180df9fffe11030e":{"messages":24,"messages_per_sec":0.0082,"leave_count":0,"network_address_changes":0},"0x180df9fffe380cc7":{"messages":20,"messages_per_sec":0.007,"leave_count":0,"network_address_changes":0},"0x180df9fffe384006":{"messages":19,"messages_per_sec":0.0071,"leave_count":0,"network_address_changes":0}}}'
[2026-01-17 16:18:42] info: 	zh:ember: [NCP COUNTERS] 1970,540,386,213,6,0,14,14,96,96,0,8,70,5,0,1,2,0,0,0,0,3,0,0,0,0,0,0,0,0,0,0,0,0,0,0,0,0,0,0,0,0
[2026-01-17 16:18:42] info: 	zh:ember: [ASH COUNTERS] 3198,670,144,524,0,0,0,0,10319,526,523,0,2,0,0,0,0,0,0,0,0,0,0,0,0,0,0
[2026-01-17 16:18:43] info: 	z2m:mqtt: MQTT publish: topic 'zigbee2mqtt/bridge/health', payload '{"response_time":1768663123215,"os":{"load_average":[0.15,0.03,0.01],"memory_used_mb":1020.3,"memory_percent":26.8722},"process":{"uptime_sec":3614,"memory_used_mb":128.56,"memory_percent":3.386},"mqtt":{"connected":true,"queued":0,"published":216,"received":19},"devices":{"0x180df9fffe6dc582":{"messages":20,"messages_per_sec":0.0056,"leave_count":0,"network_address_changes":0},"0x180df9fffe11030e":{"messages":24,"messages_per_sec":0.0068,"leave_count":0,"network_address_changes":0},"0x180df9fffe380cc7":{"messages":20,"messages_per_sec":0.0058,"leave_count":0,"network_address_changes":0},"0x180df9fffe384006":{"messages":19,"messages_per_sec":0.0058,"leave_count":0,"network_address_changes":0}}}'
[2026-01-17 16:28:43] info: 	z2m:mqtt: MQTT publish: topic 'zigbee2mqtt/bridge/health', payload '{"response_time":1768663723215,"os":{"load_average":[0,0,0],"memory_used_mb":1028.2,"memory_percent":27.0803},"process":{"uptime_sec":4214,"memory_used_mb":128.56,"memory_percent":3.386},"mqtt":{"connected":true,"queued":0,"published":218,"received":19},"devices":{"0x180df9fffe6dc582":{"messages":20,"messages_per_sec":0.0048,"leave_count":0,"network_address_changes":0},"0x180df9fffe11030e":{"messages":24,"messages_per_sec":0.0058,"leave_count":0,"network_address_changes":0},"0x180df9fffe380cc7":{"messages":20,"messages_per_sec":0.0049,"leave_count":0,"network_address_changes":0},"0x180df9fffe384006":{"messages":19,"messages_per_sec":0.0049,"leave_count":0,"network_address_changes":0}}}'
[2026-01-17 16:38:43] info: 	z2m:mqtt: MQTT publish: topic 'zigbee2mqtt/bridge/health', payload '{"response_time":1768664323216,"os":{"load_average":[0,0,0],"memory_used_mb":1027.62,"memory_percent":27.0649},"process":{"uptime_sec":4814,"memory_used_mb":128.56,"memory_percent":3.386},"mqtt":{"connected":true,"queued":0,"published":220,"received":19},"devices":{"0x180df9fffe6dc582":{"messages":20,"messages_per_sec":0.0042,"leave_count":0,"network_address_changes":0},"0x180df9fffe11030e":{"messages":24,"messages_per_sec":0.0051,"leave_count":0,"network_address_changes":0},"0x180df9fffe380cc7":{"messages":20,"messages_per_sec":0.0043,"leave_count":0,"network_address_changes":0},"0x180df9fffe384006":{"messages":19,"messages_per_sec":0.0042,"leave_count":0,"network_address_changes":0}}}'
[2026-01-17 16:48:43] info: 	z2m:mqtt: MQTT publish: topic 'zigbee2mqtt/bridge/health', payload '{"response_time":1768664923217,"os":{"load_average":[0,0.02,0],"memory_used_mb":1032.72,"memory_percent":27.1992},"process":{"uptime_sec":5414,"memory_used_mb":128.69,"memory_percent":3.3893},"mqtt":{"connected":true,"queued":0,"published":222,"received":19},"devices":{"0x180df9fffe6dc582":{"messages":20,"messages_per_sec":0.0037,"leave_count":0,"network_address_changes":0},"0x180df9fffe11030e":{"messages":24,"messages_per_sec":0.0045,"leave_count":0,"network_address_changes":0},"0x180df9fffe380cc7":{"messages":20,"messages_per_sec":0.0038,"leave_count":0,"network_address_changes":0},"0x180df9fffe384006":{"messages":19,"messages_per_sec":0.0037,"leave_count":0,"network_address_changes":0}}}'
[2026-01-17 16:58:43] info: 	z2m:mqtt: MQTT publish: topic 'zigbee2mqtt/bridge/health', payload '{"response_time":1768665523216,"os":{"load_average":[0.13,0.08,0.02],"memory_used_mb":1039.59,"memory_percent":27.3803},"process":{"uptime_sec":6014,"memory_used_mb":128.69,"memory_percent":3.3893},"mqtt":{"connected":true,"queued":0,"published":224,"received":19},"devices":{"0x180df9fffe6dc582":{"messages":20,"messages_per_sec":0.0033,"leave_count":0,"network_address_changes":0},"0x180df9fffe11030e":{"messages":24,"messages_per_sec":0.0041,"leave_count":0,"network_address_changes":0},"0x180df9fffe380cc7":{"messages":20,"messages_per_sec":0.0034,"leave_count":0,"network_address_changes":0},"0x180df9fffe384006":{"messages":19,"messages_per_sec":0.0033,"leave_count":0,"network_address_changes":0}}}'
[2026-01-17 17:08:43] info: 	z2m:mqtt: MQTT publish: topic 'zigbee2mqtt/bridge/health', payload '{"response_time":1768666123217,"os":{"load_average":[0,0,0],"memory_used_mb":1047.31,"memory_percent":27.5835},"process":{"uptime_sec":6614,"memory_used_mb":128.69,"memory_percent":3.3893},"mqtt":{"connected":true,"queued":0,"published":226,"received":19},"devices":{"0x180df9fffe6dc582":{"messages":20,"messages_per_sec":0.003,"leave_count":0,"network_address_changes":0},"0x180df9fffe11030e":{"messages":24,"messages_per_sec":0.0037,"leave_count":0,"network_address_changes":0},"0x180df9fffe380cc7":{"messages":20,"messages_per_sec":0.0031,"leave_count":0,"network_address_changes":0},"0x180df9fffe384006":{"messages":19,"messages_per_sec":0.003,"leave_count":0,"network_address_changes":0}}}'
[2026-01-17 17:15:58] info: 	z2m:mqtt: MQTT publish: topic 'zigbee2mqtt/hue_bedroom3', payload '{"linkquality":188,"state":"ON","update":{"installed_version":16787202,"latest_version":16787202,"state":"idle"}}'
[2026-01-17 17:18:42] info: 	zh:ember: [NCP COUNTERS] 2004,468,2,1,0,0,0,0,1,1,0,0,60,0,0,0,0,0,0,0,0,0,0,0,0,0,0,0,0,0,0,0,0,0,0,0,0,0,0,0,0,0
[2026-01-17 17:18:42] info: 	zh:ember: [ASH COUNTERS] 30,7,2,5,0,0,0,0,171,5,5,0,0,0,0,0,0,0,0,0,0,0,0,0,0,0,0
[2026-01-17 17:18:43] info: 	z2m:mqtt: MQTT publish: topic 'zigbee2mqtt/bridge/health', payload '{"response_time":1768666723218,"os":{"load_average":[0,0,0],"memory_used_mb":1062.15,"memory_percent":27.9744},"process":{"uptime_sec":7214,"memory_used_mb":129.95,"memory_percent":3.4226},"mqtt":{"connected":true,"queued":0,"published":232,"received":19},"devices":{"0x180df9fffe6dc582":{"messages":20,"messages_per_sec":0.0028,"leave_count":0,"network_address_changes":0},"0x180df9fffe11030e":{"messages":24,"messages_per_sec":0.0034,"leave_count":0,"network_address_changes":0},"0x180df9fffe380cc7":{"messages":20,"messages_per_sec":0.0028,"leave_count":0,"network_address_changes":0},"0x180df9fffe384006":{"messages":19,"messages_per_sec":0.0028,"leave_count":0,"network_address_changes":0},"0x001788010c447ec6":{"messages":1,"messages_per_sec":0.0061,"leave_count":0,"network_address_changes":0}}}'
[2026-01-17 17:28:43] info: 	z2m:mqtt: MQTT publish: topic 'zigbee2mqtt/bridge/health', payload '{"response_time":1768667323218,"os":{"load_average":[0,0,0],"memory_used_mb":1020.63,"memory_percent":26.8809},"process":{"uptime_sec":7814,"memory_used_mb":129.89,"memory_percent":3.421},"mqtt":{"connected":true,"queued":0,"published":234,"received":19},"devices":{"0x180df9fffe6dc582":{"messages":20,"messages_per_sec":0.0026,"leave_count":0,"network_address_changes":0},"0x180df9fffe11030e":{"messages":24,"messages_per_sec":0.0031,"leave_count":0,"network_address_changes":0},"0x180df9fffe380cc7":{"messages":20,"messages_per_sec":0.0026,"leave_count":0,"network_address_changes":0},"0x180df9fffe384006":{"messages":19,"messages_per_sec":0.0025,"leave_count":0,"network_address_changes":0},"0x001788010c447ec6":{"messages":1,"messages_per_sec":0.0013,"leave_count":0,"network_address_changes":0}}}'
[2026-01-17 17:38:43] info: 	z2m:mqtt: MQTT publish: topic 'zigbee2mqtt/bridge/health', payload '{"response_time":1768667923219,"os":{"load_average":[0.01,0.03,0],"memory_used_mb":1020.65,"memory_percent":26.8814},"process":{"uptime_sec":8414,"memory_used_mb":129.89,"memory_percent":3.421},"mqtt":{"connected":true,"queued":0,"published":236,"received":19},"devices":{"0x180df9fffe6dc582":{"messages":20,"messages_per_sec":0.0024,"leave_count":0,"network_address_changes":0},"0x180df9fffe11030e":{"messages":24,"messages_per_sec":0.0029,"leave_count":0,"network_address_changes":0},"0x180df9fffe380cc7":{"messages":20,"messages_per_sec":0.0024,"leave_count":0,"network_address_changes":0},"0x180df9fffe384006":{"messages":19,"messages_per_sec":0.0024,"leave_count":0,"network_address_changes":0},"0x001788010c447ec6":{"messages":1,"messages_per_sec":0.0007,"leave_count":0,"network_address_changes":0}}}'
[2026-01-17 17:48:43] info: 	z2m:mqtt: MQTT publish: topic 'zigbee2mqtt/bridge/health', payload '{"response_time":1768668523219,"os":{"load_average":[0,0,0],"memory_used_mb":1025.27,"memory_percent":27.003},"process":{"uptime_sec":9014,"memory_used_mb":129.98,"memory_percent":3.4235},"mqtt":{"connected":true,"queued":0,"published":238,"received":19},"devices":{"0x180df9fffe6dc582":{"messages":20,"messages_per_sec":0.0022,"leave_count":0,"network_address_changes":0},"0x180df9fffe11030e":{"messages":24,"messages_per_sec":0.0027,"leave_count":0,"network_address_changes":0},"0x180df9fffe380cc7":{"messages":20,"messages_per_sec":0.0023,"leave_count":0,"network_address_changes":0},"0x180df9fffe384006":{"messages":19,"messages_per_sec":0.0022,"leave_count":0,"network_address_changes":0},"0x001788010c447ec6":{"messages":1,"messages_per_sec":0.0005,"leave_count":0,"network_address_changes":0}}}'
[2026-01-17 17:58:43] info: 	z2m:mqtt: MQTT publish: topic 'zigbee2mqtt/bridge/health', payload '{"response_time":1768669123219,"os":{"load_average":[0.11,0.05,0.01],"memory_used_mb":1024.46,"memory_percent":26.9816},"process":{"uptime_sec":9614,"memory_used_mb":129.97,"memory_percent":3.4231},"mqtt":{"connected":true,"queued":0,"published":240,"received":19},"devices":{"0x180df9fffe6dc582":{"messages":20,"messages_per_sec":0.0021,"leave_count":0,"network_address_changes":0},"0x180df9fffe11030e":{"messages":24,"messages_per_sec":0.0025,"leave_count":0,"network_address_changes":0},"0x180df9fffe380cc7":{"messages":20,"messages_per_sec":0.0021,"leave_count":0,"network_address_changes":0},"0x180df9fffe384006":{"messages":19,"messages_per_sec":0.002,"leave_count":0,"network_address_changes":0},"0x001788010c447ec6":{"messages":1,"messages_per_sec":0.0004,"leave_count":0,"network_address_changes":0}}}'
[2026-01-17 18:08:43] info: 	z2m:mqtt: MQTT publish: topic 'zigbee2mqtt/bridge/health', payload '{"response_time":1768669723220,"os":{"load_average":[0,0.01,0],"memory_used_mb":1026.57,"memory_percent":27.0373},"process":{"uptime_sec":10214,"memory_used_mb":129.97,"memory_percent":3.4231},"mqtt":{"connected":true,"queued":0,"published":242,"received":19},"devices":{"0x180df9fffe6dc582":{"messages":20,"messages_per_sec":0.002,"leave_count":0,"network_address_changes":0},"0x180df9fffe11030e":{"messages":24,"messages_per_sec":0.0024,"leave_count":0,"network_address_changes":0},"0x180df9fffe380cc7":{"messages":20,"messages_per_sec":0.002,"leave_count":0,"network_address_changes":0},"0x180df9fffe384006":{"messages":19,"messages_per_sec":0.0019,"leave_count":0,"network_address_changes":0},"0x001788010c447ec6":{"messages":1,"messages_per_sec":0.0003,"leave_count":0,"network_address_changes":0}}}'
[2026-01-17 18:18:42] info: 	zh:ember: [NCP COUNTERS] 2010,479,20,0,0,0,0,0,0,0,0,0,61,0,0,0,0,0,0,0,0,0,0,0,0,0,0,0,0,0,0,0,0,0,0,0,0,0,0,0,0,0
[2026-01-17 18:18:42] info: 	zh:ember: [ASH COUNTERS] 5,2,1,1,0,0,0,0,87,1,1,0,0,0,0,0,0,0,0,0,0,0,0,0,0,0,0
[2026-01-17 18:18:43] info: 	z2m:mqtt: MQTT publish: topic 'zigbee2mqtt/bridge/health', payload '{"response_time":1768670323221,"os":{"load_average":[0,0,0],"memory_used_mb":1029.76,"memory_percent":27.1214},"process":{"uptime_sec":10814,"memory_used_mb":129.89,"memory_percent":3.421},"mqtt":{"connected":true,"queued":0,"published":246,"received":19},"devices":{"0x180df9fffe6dc582":{"messages":20,"messages_per_sec":0.0019,"leave_count":0,"network_address_changes":0},"0x180df9fffe11030e":{"messages":24,"messages_per_sec":0.0022,"leave_count":0,"network_address_changes":0},"0x180df9fffe380cc7":{"messages":20,"messages_per_sec":0.0019,"leave_count":0,"network_address_changes":0},"0x180df9fffe384006":{"messages":19,"messages_per_sec":0.0018,"leave_count":0,"network_address_changes":0},"0x001788010c447ec6":{"messages":1,"messages_per_sec":0.0003,"leave_count":0,"network_address_changes":0}}}'
[2026-01-17 18:28:43] info: 	z2m:mqtt: MQTT publish: topic 'zigbee2mqtt/bridge/health', payload '{"response_time":1768670923221,"os":{"load_average":[0,0,0],"memory_used_mb":1031.38,"memory_percent":27.164},"process":{"uptime_sec":11414,"memory_used_mb":129.88,"memory_percent":3.4206},"mqtt":{"connected":true,"queued":0,"published":248,"received":19},"devices":{"0x180df9fffe6dc582":{"messages":20,"messages_per_sec":0.0018,"leave_count":0,"network_address_changes":0},"0x180df9fffe11030e":{"messages":24,"messages_per_sec":0.0021,"leave_count":0,"network_address_changes":0},"0x180df9fffe380cc7":{"messages":20,"messages_per_sec":0.0018,"leave_count":0,"network_address_changes":0},"0x180df9fffe384006":{"messages":19,"messages_per_sec":0.0017,"leave_count":0,"network_address_changes":0},"0x001788010c447ec6":{"messages":1,"messages_per_sec":0.0002,"leave_count":0,"network_address_changes":0}}}'
[2026-01-17 18:38:43] info: 	z2m:mqtt: MQTT publish: topic 'zigbee2mqtt/bridge/health', payload '{"response_time":1768671523222,"os":{"load_average":[0,0.02,0],"memory_used_mb":1033.48,"memory_percent":27.2192},"process":{"uptime_sec":12014,"memory_used_mb":129.88,"memory_percent":3.4206},"mqtt":{"connected":true,"queued":0,"published":250,"received":19},"devices":{"0x180df9fffe6dc582":{"messages":20,"messages_per_sec":0.0017,"leave_count":0,"network_address_changes":0},"0x180df9fffe11030e":{"messages":24,"messages_per_sec":0.002,"leave_count":0,"network_address_changes":0},"0x180df9fffe380cc7":{"messages":20,"messages_per_sec":0.0017,"leave_count":0,"network_address_changes":0},"0x180df9fffe384006":{"messages":19,"messages_per_sec":0.0016,"leave_count":0,"network_address_changes":0},"0x001788010c447ec6":{"messages":1,"messages_per_sec":0.0002,"leave_count":0,"network_address_changes":0}}}'
[2026-01-17 18:48:43] info: 	z2m:mqtt: MQTT publish: topic 'zigbee2mqtt/bridge/health', payload '{"response_time":1768672123223,"os":{"load_average":[0,0,0],"memory_used_mb":1036.76,"memory_percent":27.3057},"process":{"uptime_sec":12614,"memory_used_mb":129.74,"memory_percent":3.4171},"mqtt":{"connected":true,"queued":0,"published":252,"received":19},"devices":{"0x180df9fffe6dc582":{"messages":20,"messages_per_sec":0.0016,"leave_count":0,"network_address_changes":0},"0x180df9fffe11030e":{"messages":24,"messages_per_sec":0.0019,"leave_count":0,"network_address_changes":0},"0x180df9fffe380cc7":{"messages":20,"messages_per_sec":0.0016,"leave_count":0,"network_address_changes":0},"0x180df9fffe384006":{"messages":19,"messages_per_sec":0.0015,"leave_count":0,"network_address_changes":0},"0x001788010c447ec6":{"messages":1,"messages_per_sec":0.0002,"leave_count":0,"network_address_changes":0}}}'
[2026-01-17 18:58:43] info: 	z2m:mqtt: MQTT publish: topic 'zigbee2mqtt/bridge/health', payload '{"response_time":1768672723223,"os":{"load_average":[0,0,0],"memory_used_mb":1036.21,"memory_percent":27.2911},"process":{"uptime_sec":13214,"memory_used_mb":129.74,"memory_percent":3.4171},"mqtt":{"connected":true,"queued":0,"published":254,"received":19},"devices":{"0x180df9fffe6dc582":{"messages":20,"messages_per_sec":0.0015,"leave_count":0,"network_address_changes":0},"0x180df9fffe11030e":{"messages":24,"messages_per_sec":0.0018,"leave_count":0,"network_address_changes":0},"0x180df9fffe380cc7":{"messages":20,"messages_per_sec":0.0015,"leave_count":0,"network_address_changes":0},"0x180df9fffe384006":{"messages":19,"messages_per_sec":0.0015,"leave_count":0,"network_address_changes":0},"0x001788010c447ec6":{"messages":1,"messages_per_sec":0.0002,"leave_count":0,"network_address_changes":0}}}'
[2026-01-17 19:08:43] info: 	z2m:mqtt: MQTT publish: topic 'zigbee2mqtt/bridge/health', payload '{"response_time":1768673323224,"os":{"load_average":[0.04,0.02,0],"memory_used_mb":1040.5,"memory_percent":27.4043},"process":{"uptime_sec":13814,"memory_used_mb":129.73,"memory_percent":3.4168},"mqtt":{"connected":true,"queued":0,"published":256,"received":19},"devices":{"0x180df9fffe6dc582":{"messages":20,"messages_per_sec":0.0014,"leave_count":0,"network_address_changes":0},"0x180df9fffe11030e":{"messages":24,"messages_per_sec":0.0017,"leave_count":0,"network_address_changes":0},"0x180df9fffe380cc7":{"messages":20,"messages_per_sec":0.0015,"leave_count":0,"network_address_changes":0},"0x180df9fffe384006":{"messages":19,"messages_per_sec":0.0014,"leave_count":0,"network_address_changes":0},"0x001788010c447ec6":{"messages":1,"messages_per_sec":0.0001,"leave_count":0,"network_address_changes":0}}}'
[2026-01-17 19:18:42] info: 	zh:ember: [NCP COUNTERS] 2025,474,13,0,0,0,0,0,9,0,0,0,61,0,0,0,0,0,0,0,0,0,0,0,0,0,0,0,0,0,0,0,0,0,0,0,0,0,0,0,0,0
[2026-01-17 19:18:42] info: 	zh:ember: [ASH COUNTERS] 5,15,1,14,0,0,0,0,492,14,14,0,0,0,0,0,0,0,0,0,0,0,0,0,0,0,0
[2026-01-17 19:18:43] info: 	z2m:mqtt: MQTT publish: topic 'zigbee2mqtt/bridge/health', payload '{"response_time":1768673923224,"os":{"load_average":[0.03,0.07,0.03],"memory_used_mb":1040.1,"memory_percent":27.3936},"process":{"uptime_sec":14414,"memory_used_mb":129.8,"memory_percent":3.4186},"mqtt":{"connected":true,"queued":0,"published":260,"received":19},"devices":{"0x180df9fffe6dc582":{"messages":20,"messages_per_sec":0.0014,"leave_count":0,"network_address_changes":0},"0x180df9fffe11030e":{"messages":24,"messages_per_sec":0.0017,"leave_count":0,"network_address_changes":0},"0x180df9fffe380cc7":{"messages":20,"messages_per_sec":0.0014,"leave_count":0,"network_address_changes":0},"0x180df9fffe384006":{"messages":19,"messages_per_sec":0.0014,"leave_count":0,"network_address_changes":0},"0x001788010c447ec6":{"messages":10,"messages_per_sec":0.0014,"leave_count":0,"network_address_changes":0}}}'
[2026-01-17 19:28:43] info: 	z2m:mqtt: MQTT publish: topic 'zigbee2mqtt/bridge/health', payload '{"response_time":1768674523224,"os":{"load_average":[0,0,0],"memory_used_mb":1047.27,"memory_percent":27.5826},"process":{"uptime_sec":15014,"memory_used_mb":129.86,"memory_percent":3.4202},"mqtt":{"connected":true,"queued":0,"published":262,"received":19},"devices":{"0x180df9fffe6dc582":{"messages":20,"messages_per_sec":0.0013,"leave_count":0,"network_address_changes":0},"0x180df9fffe11030e":{"messages":24,"messages_per_sec":0.0016,"leave_count":0,"network_address_changes":0},"0x180df9fffe380cc7":{"messages":20,"messages_per_sec":0.0013,"leave_count":0,"network_address_changes":0},"0x180df9fffe384006":{"messages":19,"messages_per_sec":0.0013,"leave_count":0,"network_address_changes":0},"0x001788010c447ec6":{"messages":10,"messages_per_sec":0.0013,"leave_count":0,"network_address_changes":0}}}'
[2026-01-17 19:38:43] info: 	z2m:mqtt: MQTT publish: topic 'zigbee2mqtt/bridge/health', payload '{"response_time":1768675123224,"os":{"load_average":[0,0,0],"memory_used_mb":1047.69,"memory_percent":27.5936},"process":{"uptime_sec":15614,"memory_used_mb":129.98,"memory_percent":3.4235},"mqtt":{"connected":true,"queued":0,"published":264,"received":19},"devices":{"0x180df9fffe6dc582":{"messages":20,"messages_per_sec":0.0013,"leave_count":0,"network_address_changes":0},"0x180df9fffe11030e":{"messages":24,"messages_per_sec":0.0015,"leave_count":0,"network_address_changes":0},"0x180df9fffe380cc7":{"messages":20,"messages_per_sec":0.0013,"leave_count":0,"network_address_changes":0},"0x180df9fffe384006":{"messages":19,"messages_per_sec":0.0012,"leave_count":0,"network_address_changes":0},"0x001788010c447ec6":{"messages":10,"messages_per_sec":0.0012,"leave_count":0,"network_address_changes":0}}}'
[2026-01-17 19:48:43] info: 	z2m:mqtt: MQTT publish: topic 'zigbee2mqtt/bridge/health', payload '{"response_time":1768675723225,"os":{"load_average":[0.23,0.32,0.22],"memory_used_mb":1039.03,"memory_percent":27.3654},"process":{"uptime_sec":16214,"memory_used_mb":129.98,"memory_percent":3.4233},"mqtt":{"connected":true,"queued":0,"published":266,"received":19},"devices":{"0x180df9fffe6dc582":{"messages":20,"messages_per_sec":0.0012,"leave_count":0,"network_address_changes":0},"0x180df9fffe11030e":{"messages":24,"messages_per_sec":0.0015,"leave_count":0,"network_address_changes":0},"0x180df9fffe380cc7":{"messages":20,"messages_per_sec":0.0012,"leave_count":0,"network_address_changes":0},"0x180df9fffe384006":{"messages":19,"messages_per_sec":0.0012,"leave_count":0,"network_address_changes":0},"0x001788010c447ec6":{"messages":10,"messages_per_sec":0.0011,"leave_count":0,"network_address_changes":0}}}'
[2026-01-17 19:58:43] info: 	z2m:mqtt: MQTT publish: topic 'zigbee2mqtt/bridge/health', payload '{"response_time":1768676323224,"os":{"load_average":[0,0.05,0.11],"memory_used_mb":1035.77,"memory_percent":27.2796},"process":{"uptime_sec":16814,"memory_used_mb":129.98,"memory_percent":3.4233},"mqtt":{"connected":true,"queued":0,"published":268,"received":19},"devices":{"0x180df9fffe6dc582":{"messages":20,"messages_per_sec":0.0012,"leave_count":0,"network_address_changes":0},"0x180df9fffe11030e":{"messages":24,"messages_per_sec":0.0014,"leave_count":0,"network_address_changes":0},"0x180df9fffe380cc7":{"messages":20,"messages_per_sec":0.0012,"leave_count":0,"network_address_changes":0},"0x180df9fffe384006":{"messages":19,"messages_per_sec":0.0012,"leave_count":0,"network_address_changes":0},"0x001788010c447ec6":{"messages":10,"messages_per_sec":0.001,"leave_count":0,"network_address_changes":0}}}'
[2026-01-17 20:08:43] info: 	z2m:mqtt: MQTT publish: topic 'zigbee2mqtt/bridge/health', payload '{"response_time":1768676923224,"os":{"load_average":[0.01,0.02,0.05],"memory_used_mb":1040.21,"memory_percent":27.3966},"process":{"uptime_sec":17414,"memory_used_mb":129.82,"memory_percent":3.419},"mqtt":{"connected":true,"queued":0,"published":270,"received":19},"devices":{"0x180df9fffe6dc582":{"messages":20,"messages_per_sec":0.0011,"leave_count":0,"network_address_changes":0},"0x180df9fffe11030e":{"messages":24,"messages_per_sec":0.0014,"leave_count":0,"network_address_changes":0},"0x180df9fffe380cc7":{"messages":20,"messages_per_sec":0.0012,"leave_count":0,"network_address_changes":0},"0x180df9fffe384006":{"messages":19,"messages_per_sec":0.0011,"leave_count":0,"network_address_changes":0},"0x001788010c447ec6":{"messages":10,"messages_per_sec":0.001,"leave_count":0,"network_address_changes":0}}}'
[2026-01-17 20:18:42] info: 	zh:ember: [NCP COUNTERS] 1578,475,15,0,0,0,0,0,0,0,0,0,61,0,0,6,0,0,0,0,0,0,0,0,0,0,0,0,0,0,0,0,0,0,0,0,0,0,0,0,0,0
[2026-01-17 20:18:42] info: 	zh:ember: [ASH COUNTERS] 5,2,1,1,0,0,0,0,87,1,1,0,0,0,0,0,0,0,0,0,0,0,0,0,0,0,0
[2026-01-17 20:18:43] info: 	z2m:mqtt: MQTT publish: topic 'zigbee2mqtt/bridge/health', payload '{"response_time":1768677523225,"os":{"load_average":[0,0,0.02],"memory_used_mb":1034.09,"memory_percent":27.2352},"process":{"uptime_sec":18014,"memory_used_mb":129.82,"memory_percent":3.419},"mqtt":{"connected":true,"queued":0,"published":274,"received":19},"devices":{"0x180df9fffe6dc582":{"messages":20,"messages_per_sec":0.0011,"leave_count":0,"network_address_changes":0},"0x180df9fffe11030e":{"messages":24,"messages_per_sec":0.0013,"leave_count":0,"network_address_changes":0},"0x180df9fffe380cc7":{"messages":20,"messages_per_sec":0.0011,"leave_count":0,"network_address_changes":0},"0x180df9fffe384006":{"messages":19,"messages_per_sec":0.0011,"leave_count":0,"network_address_changes":0},"0x001788010c447ec6":{"messages":10,"messages_per_sec":0.0009,"leave_count":0,"network_address_changes":0}}}'
[2026-01-17 20:28:43] info: 	z2m:mqtt: MQTT publish: topic 'zigbee2mqtt/bridge/health', payload '{"response_time":1768678123225,"os":{"load_average":[0,0,0],"memory_used_mb":1036.84,"memory_percent":27.3077},"process":{"uptime_sec":18614,"memory_used_mb":129.82,"memory_percent":3.419},"mqtt":{"connected":true,"queued":0,"published":276,"received":19},"devices":{"0x180df9fffe6dc582":{"messages":20,"messages_per_sec":0.0011,"leave_count":0,"network_address_changes":0},"0x180df9fffe11030e":{"messages":24,"messages_per_sec":0.0013,"leave_count":0,"network_address_changes":0},"0x180df9fffe380cc7":{"messages":20,"messages_per_sec":0.0011,"leave_count":0,"network_address_changes":0},"0x180df9fffe384006":{"messages":19,"messages_per_sec":0.001,"leave_count":0,"network_address_changes":0},"0x001788010c447ec6":{"messages":10,"messages_per_sec":0.0009,"leave_count":0,"network_address_changes":0}}}'
[2026-01-17 20:38:43] info: 	z2m:mqtt: MQTT publish: topic 'zigbee2mqtt/bridge/health', payload '{"response_time":1768678723226,"os":{"load_average":[0,0,0],"memory_used_mb":1036.69,"memory_percent":27.3038},"process":{"uptime_sec":19214,"memory_used_mb":130.55,"memory_percent":3.4383},"mqtt":{"connected":true,"queued":0,"published":278,"received":19},"devices":{"0x180df9fffe6dc582":{"messages":20,"messages_per_sec":0.001,"leave_count":0,"network_address_changes":0},"0x180df9fffe11030e":{"messages":24,"messages_per_sec":0.0013,"leave_count":0,"network_address_changes":0},"0x180df9fffe380cc7":{"messages":20,"messages_per_sec":0.001,"leave_count":0,"network_address_changes":0},"0x180df9fffe384006":{"messages":19,"messages_per_sec":0.001,"leave_count":0,"network_address_changes":0},"0x001788010c447ec6":{"messages":10,"messages_per_sec":0.0008,"leave_count":0,"network_address_changes":0}}}'
[2026-01-17 20:48:43] info: 	z2m:mqtt: MQTT publish: topic 'zigbee2mqtt/bridge/health', payload '{"response_time":1768679323226,"os":{"load_average":[0,0.01,0],"memory_used_mb":1047.21,"memory_percent":27.5808},"process":{"uptime_sec":19814,"memory_used_mb":130.12,"memory_percent":3.4271},"mqtt":{"connected":true,"queued":0,"published":280,"received":19},"devices":{"0x180df9fffe6dc582":{"messages":20,"messages_per_sec":0.001,"leave_count":0,"network_address_changes":0},"0x180df9fffe11030e":{"messages":24,"messages_per_sec":0.0012,"leave_count":0,"network_address_changes":0},"0x180df9fffe380cc7":{"messages":20,"messages_per_sec":0.001,"leave_count":0,"network_address_changes":0},"0x180df9fffe384006":{"messages":19,"messages_per_sec":0.001,"leave_count":0,"network_address_changes":0},"0x001788010c447ec6":{"messages":10,"messages_per_sec":0.0008,"leave_count":0,"network_address_changes":0}}}'
[2026-01-17 20:58:43] info: 	z2m:mqtt: MQTT publish: topic 'zigbee2mqtt/bridge/health', payload '{"response_time":1768679923226,"os":{"load_average":[0,0,0],"memory_used_mb":1046.2,"memory_percent":27.5544},"process":{"uptime_sec":20414,"memory_used_mb":130.12,"memory_percent":3.4271},"mqtt":{"connected":true,"queued":0,"published":282,"received":19},"devices":{"0x180df9fffe6dc582":{"messages":20,"messages_per_sec":0.001,"leave_count":0,"network_address_changes":0},"0x180df9fffe11030e":{"messages":24,"messages_per_sec":0.0012,"leave_count":0,"network_address_changes":0},"0x180df9fffe380cc7":{"messages":20,"messages_per_sec":0.001,"leave_count":0,"network_address_changes":0},"0x180df9fffe384006":{"messages":19,"messages_per_sec":0.0009,"leave_count":0,"network_address_changes":0},"0x001788010c447ec6":{"messages":10,"messages_per_sec":0.0007,"leave_count":0,"network_address_changes":0}}}'
[2026-01-17 21:08:43] info: 	z2m:mqtt: MQTT publish: topic 'zigbee2mqtt/bridge/health', payload '{"response_time":1768680523226,"os":{"load_average":[0,0,0],"memory_used_mb":1053.21,"memory_percent":27.739},"process":{"uptime_sec":21014,"memory_used_mb":129.82,"memory_percent":3.419},"mqtt":{"connected":true,"queued":0,"published":284,"received":19},"devices":{"0x180df9fffe6dc582":{"messages":20,"messages_per_sec":0.001,"leave_count":0,"network_address_changes":0},"0x180df9fffe11030e":{"messages":24,"messages_per_sec":0.0011,"leave_count":0,"network_address_changes":0},"0x180df9fffe380cc7":{"messages":20,"messages_per_sec":0.001,"leave_count":0,"network_address_changes":0},"0x180df9fffe384006":{"messages":19,"messages_per_sec":0.0009,"leave_count":0,"network_address_changes":0},"0x001788010c447ec6":{"messages":10,"messages_per_sec":0.0007,"leave_count":0,"network_address_changes":0}}}'
[2026-01-17 21:18:42] info: 	zh:ember: [NCP COUNTERS] 1213,470,0,0,0,0,0,0,0,0,0,0,61,0,0,0,0,0,0,0,0,0,0,0,0,0,0,0,0,0,0,0,0,0,0,0,0,0,0,0,0,0
[2026-01-17 21:18:42] info: 	zh:ember: [ASH COUNTERS] 5,2,1,1,0,0,0,0,87,1,1,0,0,0,0,0,0,0,0,0,0,0,0,0,0,0,0
[2026-01-17 21:18:43] info: 	z2m:mqtt: MQTT publish: topic 'zigbee2mqtt/bridge/health', payload '{"response_time":1768681123226,"os":{"load_average":[0,0.02,0],"memory_used_mb":1051.44,"memory_percent":27.6923},"process":{"uptime_sec":21614,"memory_used_mb":129.82,"memory_percent":3.419},"mqtt":{"connected":true,"queued":0,"published":288,"received":19},"devices":{"0x180df9fffe6dc582":{"messages":20,"messages_per_sec":0.0009,"leave_count":0,"network_address_changes":0},"0x180df9fffe11030e":{"messages":24,"messages_per_sec":0.0011,"leave_count":0,"network_address_changes":0},"0x180df9fffe380cc7":{"messages":20,"messages_per_sec":0.0009,"leave_count":0,"network_address_changes":0},"0x180df9fffe384006":{"messages":19,"messages_per_sec":0.0009,"leave_count":0,"network_address_changes":0},"0x001788010c447ec6":{"messages":10,"messages_per_sec":0.0007,"leave_count":0,"network_address_changes":0}}}'
[2026-01-17 21:28:43] info: 	z2m:mqtt: MQTT publish: topic 'zigbee2mqtt/bridge/health', payload '{"response_time":1768681723227,"os":{"load_average":[0,0,0],"memory_used_mb":1055.89,"memory_percent":27.8094},"process":{"uptime_sec":22214,"memory_used_mb":129.82,"memory_percent":3.419},"mqtt":{"connected":true,"queued":0,"published":290,"received":19},"devices":{"0x180df9fffe6dc582":{"messages":20,"messages_per_sec":0.0009,"leave_count":0,"network_address_changes":0},"0x180df9fffe11030e":{"messages":24,"messages_per_sec":0.0011,"leave_count":0,"network_address_changes":0},"0x180df9fffe380cc7":{"messages":20,"messages_per_sec":0.0009,"leave_count":0,"network_address_changes":0},"0x180df9fffe384006":{"messages":19,"messages_per_sec":0.0009,"leave_count":0,"network_address_changes":0},"0x001788010c447ec6":{"messages":10,"messages_per_sec":0.0007,"leave_count":0,"network_address_changes":0}}}'
[2026-01-17 21:38:43] info: 	z2m:mqtt: MQTT publish: topic 'zigbee2mqtt/bridge/health', payload '{"response_time":1768682323227,"os":{"load_average":[0,0,0],"memory_used_mb":1061.73,"memory_percent":27.9632},"process":{"uptime_sec":22814,"memory_used_mb":130.18,"memory_percent":3.4285},"mqtt":{"connected":true,"queued":0,"published":292,"received":19},"devices":{"0x180df9fffe6dc582":{"messages":20,"messages_per_sec":0.0009,"leave_count":0,"network_address_changes":0},"0x180df9fffe11030e":{"messages":24,"messages_per_sec":0.0011,"leave_count":0,"network_address_changes":0},"0x180df9fffe380cc7":{"messages":20,"messages_per_sec":0.0009,"leave_count":0,"network_address_changes":0},"0x180df9fffe384006":{"messages":19,"messages_per_sec":0.0008,"leave_count":0,"network_address_changes":0},"0x001788010c447ec6":{"messages":10,"messages_per_sec":0.0006,"leave_count":0,"network_address_changes":0}}}'
[2026-01-17 21:48:43] info: 	z2m:mqtt: MQTT publish: topic 'zigbee2mqtt/bridge/health', payload '{"response_time":1768682923227,"os":{"load_average":[0,0,0],"memory_used_mb":1064.03,"memory_percent":28.0239},"process":{"uptime_sec":23414,"memory_used_mb":130.27,"memory_percent":3.431},"mqtt":{"connected":true,"queued":0,"published":294,"received":19},"devices":{"0x180df9fffe6dc582":{"messages":20,"messages_per_sec":0.0009,"leave_count":0,"network_address_changes":0},"0x180df9fffe11030e":{"messages":24,"messages_per_sec":0.001,"leave_count":0,"network_address_changes":0},"0x180df9fffe380cc7":{"messages":20,"messages_per_sec":0.0009,"leave_count":0,"network_address_changes":0},"0x180df9fffe384006":{"messages":19,"messages_per_sec":0.0008,"leave_count":0,"network_address_changes":0},"0x001788010c447ec6":{"messages":10,"messages_per_sec":0.0006,"leave_count":0,"network_address_changes":0}}}'
[2026-01-17 21:58:43] info: 	z2m:mqtt: MQTT publish: topic 'zigbee2mqtt/bridge/health', payload '{"response_time":1768683523228,"os":{"load_average":[0.01,0.03,0],"memory_used_mb":1063.47,"memory_percent":28.0092},"process":{"uptime_sec":24014,"memory_used_mb":130.27,"memory_percent":3.431},"mqtt":{"connected":true,"queued":0,"published":296,"received":19},"devices":{"0x180df9fffe6dc582":{"messages":20,"messages_per_sec":0.0008,"leave_count":0,"network_address_changes":0},"0x180df9fffe11030e":{"messages":24,"messages_per_sec":0.001,"leave_count":0,"network_address_changes":0},"0x180df9fffe380cc7":{"messages":20,"messages_per_sec":0.0008,"leave_count":0,"network_address_changes":0},"0x180df9fffe384006":{"messages":19,"messages_per_sec":0.0008,"leave_count":0,"network_address_changes":0},"0x001788010c447ec6":{"messages":10,"messages_per_sec":0.0006,"leave_count":0,"network_address_changes":0}}}'
[2026-01-17 22:08:43] info: 	z2m:mqtt: MQTT publish: topic 'zigbee2mqtt/bridge/health', payload '{"response_time":1768684123229,"os":{"load_average":[0.01,0.02,0],"memory_used_mb":1068.2,"memory_percent":28.1337},"process":{"uptime_sec":24614,"memory_used_mb":130.11,"memory_percent":3.4267},"mqtt":{"connected":true,"queued":0,"published":298,"received":19},"devices":{"0x180df9fffe6dc582":{"messages":20,"messages_per_sec":0.0008,"leave_count":0,"network_address_changes":0},"0x180df9fffe11030e":{"messages":24,"messages_per_sec":0.001,"leave_count":0,"network_address_changes":0},"0x180df9fffe380cc7":{"messages":20,"messages_per_sec":0.0008,"leave_count":0,"network_address_changes":0},"0x180df9fffe384006":{"messages":19,"messages_per_sec":0.0008,"leave_count":0,"network_address_changes":0},"0x001788010c447ec6":{"messages":10,"messages_per_sec":0.0006,"leave_count":0,"network_address_changes":0}}}'
[2026-01-17 22:18:42] info: 	zh:ember: [NCP COUNTERS] 1213,473,16,0,0,0,0,0,0,0,0,0,60,0,0,0,0,0,0,0,0,0,0,0,0,0,0,0,0,0,0,0,0,0,0,0,0,0,0,0,0,0
[2026-01-17 22:18:42] info: 	zh:ember: [ASH COUNTERS] 5,2,1,1,0,0,0,0,87,1,1,0,0,0,0,0,0,0,0,0,0,0,0,0,0,0,0
[2026-01-17 22:18:43] info: 	z2m:mqtt: MQTT publish: topic 'zigbee2mqtt/bridge/health', payload '{"response_time":1768684723229,"os":{"load_average":[0,0,0],"memory_used_mb":1068.64,"memory_percent":28.1452},"process":{"uptime_sec":25214,"memory_used_mb":130,"memory_percent":3.424},"mqtt":{"connected":true,"queued":0,"published":302,"received":19},"devices":{"0x180df9fffe6dc582":{"messages":20,"messages_per_sec":0.0008,"leave_count":0,"network_address_changes":0},"0x180df9fffe11030e":{"messages":24,"messages_per_sec":0.001,"leave_count":0,"network_address_changes":0},"0x180df9fffe380cc7":{"messages":20,"messages_per_sec":0.0008,"leave_count":0,"network_address_changes":0},"0x180df9fffe384006":{"messages":19,"messages_per_sec":0.0008,"leave_count":0,"network_address_changes":0},"0x001788010c447ec6":{"messages":10,"messages_per_sec":0.0006,"leave_count":0,"network_address_changes":0}}}'
[2026-01-17 22:28:43] info: 	z2m:mqtt: MQTT publish: topic 'zigbee2mqtt/bridge/health', payload '{"response_time":1768685323230,"os":{"load_average":[0.07,0.05,0.01],"memory_used_mb":1098.18,"memory_percent":28.9234},"process":{"uptime_sec":25814,"memory_used_mb":130,"memory_percent":3.424},"mqtt":{"connected":true,"queued":0,"published":304,"received":19},"devices":{"0x180df9fffe6dc582":{"messages":20,"messages_per_sec":0.0008,"leave_count":0,"network_address_changes":0},"0x180df9fffe11030e":{"messages":24,"messages_per_sec":0.0009,"leave_count":0,"network_address_changes":0},"0x180df9fffe380cc7":{"messages":20,"messages_per_sec":0.0008,"leave_count":0,"network_address_changes":0},"0x180df9fffe384006":{"messages":19,"messages_per_sec":0.0007,"leave_count":0,"network_address_changes":0},"0x001788010c447ec6":{"messages":10,"messages_per_sec":0.0005,"leave_count":0,"network_address_changes":0}}}'
[2026-01-17 22:38:43] info: 	z2m:mqtt: MQTT publish: topic 'zigbee2mqtt/bridge/health', payload '{"response_time":1768685923229,"os":{"load_average":[0.01,0.05,0],"memory_used_mb":1098.45,"memory_percent":28.9303},"process":{"uptime_sec":26414,"memory_used_mb":130,"memory_percent":3.424},"mqtt":{"connected":true,"queued":0,"published":306,"received":19},"devices":{"0x180df9fffe6dc582":{"messages":20,"messages_per_sec":0.0008,"leave_count":0,"network_address_changes":0},"0x180df9fffe11030e":{"messages":24,"messages_per_sec":0.0009,"leave_count":0,"network_address_changes":0},"0x180df9fffe380cc7":{"messages":20,"messages_per_sec":0.0008,"leave_count":0,"network_address_changes":0},"0x180df9fffe384006":{"messages":19,"messages_per_sec":0.0007,"leave_count":0,"network_address_changes":0},"0x001788010c447ec6":{"messages":10,"messages_per_sec":0.0005,"leave_count":0,"network_address_changes":0}}}'
[2026-01-17 22:48:43] info: 	z2m:mqtt: MQTT publish: topic 'zigbee2mqtt/bridge/health', payload '{"response_time":1768686523229,"os":{"load_average":[0,0.04,0.01],"memory_used_mb":1104.5,"memory_percent":29.0899},"process":{"uptime_sec":27014,"memory_used_mb":130.13,"memory_percent":3.4273},"mqtt":{"connected":true,"queued":0,"published":308,"received":19},"devices":{"0x180df9fffe6dc582":{"messages":20,"messages_per_sec":0.0007,"leave_count":0,"network_address_changes":0},"0x180df9fffe11030e":{"messages":24,"messages_per_sec":0.0009,"leave_count":0,"network_address_changes":0},"0x180df9fffe380cc7":{"messages":20,"messages_per_sec":0.0007,"leave_count":0,"network_address_changes":0},"0x180df9fffe384006":{"messages":19,"messages_per_sec":0.0007,"leave_count":0,"network_address_changes":0},"0x001788010c447ec6":{"messages":10,"messages_per_sec":0.0005,"leave_count":0,"network_address_changes":0}}}'
[2026-01-17 22:58:43] info: 	z2m:mqtt: MQTT publish: topic 'zigbee2mqtt/bridge/health', payload '{"response_time":1768687123229,"os":{"load_average":[0,0,0],"memory_used_mb":1105.64,"memory_percent":29.1197},"process":{"uptime_sec":27614,"memory_used_mb":130.25,"memory_percent":3.4306},"mqtt":{"connected":true,"queued":0,"published":310,"received":19},"devices":{"0x180df9fffe6dc582":{"messages":20,"messages_per_sec":0.0007,"leave_count":0,"network_address_changes":0},"0x180df9fffe11030e":{"messages":24,"messages_per_sec":0.0009,"leave_count":0,"network_address_changes":0},"0x180df9fffe380cc7":{"messages":20,"messages_per_sec":0.0007,"leave_count":0,"network_address_changes":0},"0x180df9fffe384006":{"messages":19,"messages_per_sec":0.0007,"leave_count":0,"network_address_changes":0},"0x001788010c447ec6":{"messages":10,"messages_per_sec":0.0005,"leave_count":0,"network_address_changes":0}}}'
[2026-01-17 23:08:43] info: 	z2m:mqtt: MQTT publish: topic 'zigbee2mqtt/bridge/health', payload '{"response_time":1768687723229,"os":{"load_average":[0,0,0],"memory_used_mb":1037.71,"memory_percent":27.3306},"process":{"uptime_sec":28214,"memory_used_mb":130.13,"memory_percent":3.4272},"mqtt":{"connected":true,"queued":0,"published":312,"received":19},"devices":{"0x180df9fffe6dc582":{"messages":20,"messages_per_sec":0.0007,"leave_count":0,"network_address_changes":0},"0x180df9fffe11030e":{"messages":24,"messages_per_sec":0.0009,"leave_count":0,"network_address_changes":0},"0x180df9fffe380cc7":{"messages":20,"messages_per_sec":0.0007,"leave_count":0,"network_address_changes":0},"0x180df9fffe384006":{"messages":19,"messages_per_sec":0.0007,"leave_count":0,"network_address_changes":0},"0x001788010c447ec6":{"messages":10,"messages_per_sec":0.0005,"leave_count":0,"network_address_changes":0}}}'
[2026-01-17 23:18:42] info: 	zh:ember: [NCP COUNTERS] 1222,473,0,0,0,0,0,0,0,0,0,0,61,0,0,0,0,0,0,0,0,0,0,0,0,0,0,0,0,0,0,0,0,0,0,0,0,0,0,0,0,0
[2026-01-17 23:18:42] info: 	zh:ember: [ASH COUNTERS] 5,2,1,1,0,0,0,0,87,1,1,0,0,0,0,0,0,0,0,0,0,0,0,0,0,0,0
[2026-01-17 23:18:43] info: 	z2m:mqtt: MQTT publish: topic 'zigbee2mqtt/bridge/health', payload '{"response_time":1768688323229,"os":{"load_average":[0.03,0.01,0],"memory_used_mb":1035.51,"memory_percent":27.2728},"process":{"uptime_sec":28814,"memory_used_mb":129.98,"memory_percent":3.4234},"mqtt":{"connected":true,"queued":0,"published":316,"received":19},"devices":{"0x180df9fffe6dc582":{"messages":20,"messages_per_sec":0.0007,"leave_count":0,"network_address_changes":0},"0x180df9fffe11030e":{"messages":24,"messages_per_sec":0.0008,"leave_count":0,"network_address_changes":0},"0x180df9fffe380cc7":{"messages":20,"messages_per_sec":0.0007,"leave_count":0,"network_address_changes":0},"0x180df9fffe384006":{"messages":19,"messages_per_sec":0.0007,"leave_count":0,"network_address_changes":0},"0x001788010c447ec6":{"messages":10,"messages_per_sec":0.0005,"leave_count":0,"network_address_changes":0}}}'
[2026-01-17 23:28:43] info: 	z2m:mqtt: MQTT publish: topic 'zigbee2mqtt/bridge/health', payload '{"response_time":1768688923229,"os":{"load_average":[0.11,0.03,0.01],"memory_used_mb":1040.11,"memory_percent":27.394},"process":{"uptime_sec":29414,"memory_used_mb":129.98,"memory_percent":3.4234},"mqtt":{"connected":true,"queued":0,"published":318,"received":19},"devices":{"0x180df9fffe6dc582":{"messages":20,"messages_per_sec":0.0007,"leave_count":0,"network_address_changes":0},"0x180df9fffe11030e":{"messages":24,"messages_per_sec":0.0008,"leave_count":0,"network_address_changes":0},"0x180df9fffe380cc7":{"messages":20,"messages_per_sec":0.0007,"leave_count":0,"network_address_changes":0},"0x180df9fffe384006":{"messages":19,"messages_per_sec":0.0007,"leave_count":0,"network_address_changes":0},"0x001788010c447ec6":{"messages":10,"messages_per_sec":0.0004,"leave_count":0,"network_address_changes":0}}}'
[2026-01-17 23:38:43] info: 	z2m:mqtt: MQTT publish: topic 'zigbee2mqtt/bridge/health', payload '{"response_time":1768689523229,"os":{"load_average":[0.19,0.06,0.01],"memory_used_mb":1043.53,"memory_percent":27.484},"process":{"uptime_sec":30014,"memory_used_mb":129.98,"memory_percent":3.4234},"mqtt":{"connected":true,"queued":0,"published":320,"received":19},"devices":{"0x180df9fffe6dc582":{"messages":20,"messages_per_sec":0.0007,"leave_count":0,"network_address_changes":0},"0x180df9fffe11030e":{"messages":24,"messages_per_sec":0.0008,"leave_count":0,"network_address_changes":0},"0x180df9fffe380cc7":{"messages":20,"messages_per_sec":0.0007,"leave_count":0,"network_address_changes":0},"0x180df9fffe384006":{"messages":19,"messages_per_sec":0.0006,"leave_count":0,"network_address_changes":0},"0x001788010c447ec6":{"messages":10,"messages_per_sec":0.0004,"leave_count":0,"network_address_changes":0}}}'
[2026-01-17 23:48:43] info: 	z2m:mqtt: MQTT publish: topic 'zigbee2mqtt/bridge/health', payload '{"response_time":1768690123229,"os":{"load_average":[0.06,0.02,0],"memory_used_mb":1045.32,"memory_percent":27.5311},"process":{"uptime_sec":30614,"memory_used_mb":129.95,"memory_percent":3.4225},"mqtt":{"connected":true,"queued":0,"published":322,"received":19},"devices":{"0x180df9fffe6dc582":{"messages":20,"messages_per_sec":0.0007,"leave_count":0,"network_address_changes":0},"0x180df9fffe11030e":{"messages":24,"messages_per_sec":0.0008,"leave_count":0,"network_address_changes":0},"0x180df9fffe380cc7":{"messages":20,"messages_per_sec":0.0007,"leave_count":0,"network_address_changes":0},"0x180df9fffe384006":{"messages":19,"messages_per_sec":0.0006,"leave_count":0,"network_address_changes":0},"0x001788010c447ec6":{"messages":10,"messages_per_sec":0.0004,"leave_count":0,"network_address_changes":0}}}'
[2026-01-17 23:58:43] info: 	z2m:mqtt: MQTT publish: topic 'zigbee2mqtt/bridge/health', payload '{"response_time":1768690723230,"os":{"load_average":[0,0.02,0],"memory_used_mb":1047.41,"memory_percent":27.5861},"process":{"uptime_sec":31214,"memory_used_mb":129.95,"memory_percent":3.4225},"mqtt":{"connected":true,"queued":0,"published":324,"received":19},"devices":{"0x180df9fffe6dc582":{"messages":20,"messages_per_sec":0.0006,"leave_count":0,"network_address_changes":0},"0x180df9fffe11030e":{"messages":24,"messages_per_sec":0.0008,"leave_count":0,"network_address_changes":0},"0x180df9fffe380cc7":{"messages":20,"messages_per_sec":0.0006,"leave_count":0,"network_address_changes":0},"0x180df9fffe384006":{"messages":19,"messages_per_sec":0.0006,"leave_count":0,"network_address_changes":0},"0x001788010c447ec6":{"messages":10,"messages_per_sec":0.0004,"leave_count":0,"network_address_changes":0}}}'
[2026-01-18 00:08:43] info: 	z2m:mqtt: MQTT publish: topic 'zigbee2mqtt/bridge/health', payload '{"response_time":1768691323229,"os":{"load_average":[0,0,0],"memory_used_mb":1050.66,"memory_percent":27.6718},"process":{"uptime_sec":31814,"memory_used_mb":129.95,"memory_percent":3.4225},"mqtt":{"connected":true,"queued":0,"published":326,"received":19},"devices":{"0x180df9fffe6dc582":{"messages":20,"messages_per_sec":0.0006,"leave_count":0,"network_address_changes":0},"0x180df9fffe11030e":{"messages":24,"messages_per_sec":0.0008,"leave_count":0,"network_address_changes":0},"0x180df9fffe380cc7":{"messages":20,"messages_per_sec":0.0006,"leave_count":0,"network_address_changes":0},"0x180df9fffe384006":{"messages":19,"messages_per_sec":0.0006,"leave_count":0,"network_address_changes":0},"0x001788010c447ec6":{"messages":10,"messages_per_sec":0.0004,"leave_count":0,"network_address_changes":0}}}'
[2026-01-18 00:18:42] info: 	zh:ember: [NCP COUNTERS] 1219,475,0,0,0,0,0,0,0,0,0,0,61,0,0,0,0,0,0,0,0,0,0,0,0,0,0,0,0,0,0,0,0,0,0,0,0,0,0,0,0,0
[2026-01-18 00:18:42] info: 	zh:ember: [ASH COUNTERS] 5,2,1,1,0,0,0,0,87,1,1,0,0,0,0,0,0,0,0,0,0,0,0,0,0,0,0
[2026-01-18 00:18:43] info: 	z2m:mqtt: MQTT publish: topic 'zigbee2mqtt/bridge/health', payload '{"response_time":1768691923234,"os":{"load_average":[0,0,0],"memory_used_mb":1051.48,"memory_percent":27.6933},"process":{"uptime_sec":32414,"memory_used_mb":130.16,"memory_percent":3.428},"mqtt":{"connected":true,"queued":0,"published":330,"received":19},"devices":{"0x180df9fffe6dc582":{"messages":20,"messages_per_sec":0.0006,"leave_count":0,"network_address_changes":0},"0x180df9fffe11030e":{"messages":24,"messages_per_sec":0.0007,"leave_count":0,"network_address_changes":0},"0x180df9fffe380cc7":{"messages":20,"messages_per_sec":0.0006,"leave_count":0,"network_address_changes":0},"0x180df9fffe384006":{"messages":19,"messages_per_sec":0.0006,"leave_count":0,"network_address_changes":0},"0x001788010c447ec6":{"messages":10,"messages_per_sec":0.0004,"leave_count":0,"network_address_changes":0}}}'
[2026-01-18 00:28:43] info: 	z2m:mqtt: MQTT publish: topic 'zigbee2mqtt/bridge/health', payload '{"response_time":1768692523244,"os":{"load_average":[0.12,0.05,0.01],"memory_used_mb":1053.42,"memory_percent":27.7444},"process":{"uptime_sec":33014,"memory_used_mb":130.28,"memory_percent":3.4313},"mqtt":{"connected":true,"queued":0,"published":332,"received":19},"devices":{"0x180df9fffe6dc582":{"messages":20,"messages_per_sec":0.0006,"leave_count":0,"network_address_changes":0},"0x180df9fffe11030e":{"messages":24,"messages_per_sec":0.0007,"leave_count":0,"network_address_changes":0},"0x180df9fffe380cc7":{"messages":20,"messages_per_sec":0.0006,"leave_count":0,"network_address_changes":0},"0x180df9fffe384006":{"messages":19,"messages_per_sec":0.0006,"leave_count":0,"network_address_changes":0},"0x001788010c447ec6":{"messages":10,"messages_per_sec":0.0004,"leave_count":0,"network_address_changes":0}}}'
[2026-01-18 00:38:43] info: 	z2m:mqtt: MQTT publish: topic 'zigbee2mqtt/bridge/health', payload '{"response_time":1768693123255,"os":{"load_average":[0,0,0],"memory_used_mb":1055.23,"memory_percent":27.792},"process":{"uptime_sec":33614,"memory_used_mb":130.14,"memory_percent":3.4276},"mqtt":{"connected":true,"queued":0,"published":334,"received":19},"devices":{"0x180df9fffe6dc582":{"messages":20,"messages_per_sec":0.0006,"leave_count":0,"network_address_changes":0},"0x180df9fffe11030e":{"messages":24,"messages_per_sec":0.0007,"leave_count":0,"network_address_changes":0},"0x180df9fffe380cc7":{"messages":20,"messages_per_sec":0.0006,"leave_count":0,"network_address_changes":0},"0x180df9fffe384006":{"messages":19,"messages_per_sec":0.0006,"leave_count":0,"network_address_changes":0},"0x001788010c447ec6":{"messages":10,"messages_per_sec":0.0004,"leave_count":0,"network_address_changes":0}}}'
[2026-01-18 00:48:43] info: 	z2m:mqtt: MQTT publish: topic 'zigbee2mqtt/bridge/health', payload '{"response_time":1768693723267,"os":{"load_average":[0,0,0],"memory_used_mb":1057.73,"memory_percent":27.858},"process":{"uptime_sec":34214,"memory_used_mb":130.12,"memory_percent":3.427},"mqtt":{"connected":true,"queued":0,"published":336,"received":19},"devices":{"0x180df9fffe6dc582":{"messages":20,"messages_per_sec":0.0006,"leave_count":0,"network_address_changes":0},"0x180df9fffe11030e":{"messages":24,"messages_per_sec":0.0007,"leave_count":0,"network_address_changes":0},"0x180df9fffe380cc7":{"messages":20,"messages_per_sec":0.0006,"leave_count":0,"network_address_changes":0},"0x180df9fffe384006":{"messages":19,"messages_per_sec":0.0006,"leave_count":0,"network_address_changes":0},"0x001788010c447ec6":{"messages":10,"messages_per_sec":0.0004,"leave_count":0,"network_address_changes":0}}}'
[2026-01-18 00:58:43] info: 	z2m:mqtt: MQTT publish: topic 'zigbee2mqtt/bridge/health', payload '{"response_time":1768694323277,"os":{"load_average":[0,0,0],"memory_used_mb":1059.06,"memory_percent":27.8931},"process":{"uptime_sec":34814,"memory_used_mb":130.12,"memory_percent":3.427},"mqtt":{"connected":true,"queued":0,"published":338,"received":19},"devices":{"0x180df9fffe6dc582":{"messages":20,"messages_per_sec":0.0006,"leave_count":0,"network_address_changes":0},"0x180df9fffe11030e":{"messages":24,"messages_per_sec":0.0007,"leave_count":0,"network_address_changes":0},"0x180df9fffe380cc7":{"messages":20,"messages_per_sec":0.0006,"leave_count":0,"network_address_changes":0},"0x180df9fffe384006":{"messages":19,"messages_per_sec":0.0006,"leave_count":0,"network_address_changes":0},"0x001788010c447ec6":{"messages":10,"messages_per_sec":0.0004,"leave_count":0,"network_address_changes":0}}}'
[2026-01-18 01:08:43] info: 	z2m:mqtt: MQTT publish: topic 'zigbee2mqtt/bridge/health', payload '{"response_time":1768694923288,"os":{"load_average":[0,0,0],"memory_used_mb":1063.1,"memory_percent":27.9994},"process":{"uptime_sec":35414,"memory_used_mb":130.12,"memory_percent":3.427},"mqtt":{"connected":true,"queued":0,"published":340,"received":19},"devices":{"0x180df9fffe6dc582":{"messages":20,"messages_per_sec":0.0006,"leave_count":0,"network_address_changes":0},"0x180df9fffe11030e":{"messages":24,"messages_per_sec":0.0007,"leave_count":0,"network_address_changes":0},"0x180df9fffe380cc7":{"messages":20,"messages_per_sec":0.0006,"leave_count":0,"network_address_changes":0},"0x180df9fffe384006":{"messages":19,"messages_per_sec":0.0005,"leave_count":0,"network_address_changes":0},"0x001788010c447ec6":{"messages":10,"messages_per_sec":0.0004,"leave_count":0,"network_address_changes":0}}}'
[2026-01-18 01:18:42] info: 	zh:ember: [NCP COUNTERS] 1216,475,16,0,0,0,0,0,0,0,0,0,61,0,0,0,0,0,0,0,0,0,0,0,0,0,0,0,0,0,0,0,0,0,0,0,0,0,0,0,0,0
[2026-01-18 01:18:42] info: 	zh:ember: [ASH COUNTERS] 5,2,1,1,0,0,0,0,87,1,1,0,0,0,0,0,0,0,0,0,0,0,0,0,0,0,0
[2026-01-18 01:18:43] info: 	z2m:mqtt: MQTT publish: topic 'zigbee2mqtt/bridge/health', payload '{"response_time":1768695523293,"os":{"load_average":[0.06,0.02,0],"memory_used_mb":1062.77,"memory_percent":27.9908},"process":{"uptime_sec":36014,"memory_used_mb":130.09,"memory_percent":3.4262},"mqtt":{"connected":true,"queued":0,"published":344,"received":19},"devices":{"0x180df9fffe6dc582":{"messages":20,"messages_per_sec":0.0006,"leave_count":0,"network_address_changes":0},"0x180df9fffe11030e":{"messages":24,"messages_per_sec":0.0007,"leave_count":0,"network_address_changes":0},"0x180df9fffe380cc7":{"messages":20,"messages_per_sec":0.0006,"leave_count":0,"network_address_changes":0},"0x180df9fffe384006":{"messages":19,"messages_per_sec":0.0005,"leave_count":0,"network_address_changes":0},"0x001788010c447ec6":{"messages":10,"messages_per_sec":0.0003,"leave_count":0,"network_address_changes":0}}}'
[2026-01-18 01:28:43] info: 	z2m:mqtt: MQTT publish: topic 'zigbee2mqtt/bridge/health', payload '{"response_time":1768696123300,"os":{"load_average":[0,0.01,0],"memory_used_mb":1067.3,"memory_percent":28.1101},"process":{"uptime_sec":36614,"memory_used_mb":130.09,"memory_percent":3.4262},"mqtt":{"connected":true,"queued":0,"published":346,"received":19},"devices":{"0x180df9fffe6dc582":{"messages":20,"messages_per_sec":0.0005,"leave_count":0,"network_address_changes":0},"0x180df9fffe11030e":{"messages":24,"messages_per_sec":0.0007,"leave_count":0,"network_address_changes":0},"0x180df9fffe380cc7":{"messages":20,"messages_per_sec":0.0005,"leave_count":0,"network_address_changes":0},"0x180df9fffe384006":{"messages":19,"messages_per_sec":0.0005,"leave_count":0,"network_address_changes":0},"0x001788010c447ec6":{"messages":10,"messages_per_sec":0.0003,"leave_count":0,"network_address_changes":0}}}'
[2026-01-18 01:38:43] info: 	z2m:mqtt: MQTT publish: topic 'zigbee2mqtt/bridge/health', payload '{"response_time":1768696723308,"os":{"load_average":[0.09,0.04,0],"memory_used_mb":1068.05,"memory_percent":28.1297},"process":{"uptime_sec":37214,"memory_used_mb":130.09,"memory_percent":3.4262},"mqtt":{"connected":true,"queued":0,"published":348,"received":19},"devices":{"0x180df9fffe6dc582":{"messages":20,"messages_per_sec":0.0005,"leave_count":0,"network_address_changes":0},"0x180df9fffe11030e":{"messages":24,"messages_per_sec":0.0006,"leave_count":0,"network_address_changes":0},"0x180df9fffe380cc7":{"messages":20,"messages_per_sec":0.0005,"leave_count":0,"network_address_changes":0},"0x180df9fffe384006":{"messages":19,"messages_per_sec":0.0005,"leave_count":0,"network_address_changes":0},"0x001788010c447ec6":{"messages":10,"messages_per_sec":0.0003,"leave_count":0,"network_address_changes":0}}}'
[2026-01-18 01:48:43] info: 	z2m:mqtt: MQTT publish: topic 'zigbee2mqtt/bridge/health', payload '{"response_time":1768697323317,"os":{"load_average":[0,0.02,0],"memory_used_mb":1074.21,"memory_percent":28.2921},"process":{"uptime_sec":37814,"memory_used_mb":130.09,"memory_percent":3.4262},"mqtt":{"connected":true,"queued":0,"published":350,"received":19},"devices":{"0x180df9fffe6dc582":{"messages":20,"messages_per_sec":0.0005,"leave_count":0,"network_address_changes":0},"0x180df9fffe11030e":{"messages":24,"messages_per_sec":0.0006,"leave_count":0,"network_address_changes":0},"0x180df9fffe380cc7":{"messages":20,"messages_per_sec":0.0005,"leave_count":0,"network_address_changes":0},"0x180df9fffe384006":{"messages":19,"messages_per_sec":0.0005,"leave_count":0,"network_address_changes":0},"0x001788010c447ec6":{"messages":10,"messages_per_sec":0.0003,"leave_count":0,"network_address_changes":0}}}'
[2026-01-18 01:58:43] info: 	z2m:mqtt: MQTT publish: topic 'zigbee2mqtt/bridge/health', payload '{"response_time":1768697923320,"os":{"load_average":[0,0,0],"memory_used_mb":1071.14,"memory_percent":28.2112},"process":{"uptime_sec":38414,"memory_used_mb":130.09,"memory_percent":3.4262},"mqtt":{"connected":true,"queued":0,"published":352,"received":19},"devices":{"0x180df9fffe6dc582":{"messages":20,"messages_per_sec":0.0005,"leave_count":0,"network_address_changes":0},"0x180df9fffe11030e":{"messages":24,"messages_per_sec":0.0006,"leave_count":0,"network_address_changes":0},"0x180df9fffe380cc7":{"messages":20,"messages_per_sec":0.0005,"leave_count":0,"network_address_changes":0},"0x180df9fffe384006":{"messages":19,"messages_per_sec":0.0005,"leave_count":0,"network_address_changes":0},"0x001788010c447ec6":{"messages":10,"messages_per_sec":0.0003,"leave_count":0,"network_address_changes":0}}}'
[2026-01-18 02:08:43] info: 	z2m:mqtt: MQTT publish: topic 'zigbee2mqtt/bridge/health', payload '{"response_time":1768698523325,"os":{"load_average":[0,0,0],"memory_used_mb":1077.32,"memory_percent":28.3739},"process":{"uptime_sec":39014,"memory_used_mb":130.09,"memory_percent":3.4262},"mqtt":{"connected":true,"queued":0,"published":354,"received":19},"devices":{"0x180df9fffe6dc582":{"messages":20,"messages_per_sec":0.0005,"leave_count":0,"network_address_changes":0},"0x180df9fffe11030e":{"messages":24,"messages_per_sec":0.0006,"leave_count":0,"network_address_changes":0},"0x180df9fffe380cc7":{"messages":20,"messages_per_sec":0.0005,"leave_count":0,"network_address_changes":0},"0x180df9fffe384006":{"messages":19,"messages_per_sec":0.0005,"leave_count":0,"network_address_changes":0},"0x001788010c447ec6":{"messages":10,"messages_per_sec":0.0003,"leave_count":0,"network_address_changes":0}}}'
[2026-01-18 02:18:42] info: 	zh:ember: [NCP COUNTERS] 1216,472,0,0,0,0,0,0,0,0,0,0,61,0,0,0,0,0,0,0,0,0,0,0,0,0,0,0,0,0,0,0,0,0,0,0,0,0,0,0,0,0
[2026-01-18 02:18:42] info: 	zh:ember: [ASH COUNTERS] 5,2,1,1,0,0,0,0,87,1,1,0,0,0,0,0,0,0,0,0,0,0,0,0,0,0,0
[2026-01-18 02:18:43] info: 	z2m:mqtt: MQTT publish: topic 'zigbee2mqtt/bridge/health', payload '{"response_time":1768699123329,"os":{"load_average":[0,0,0],"memory_used_mb":1043.65,"memory_percent":27.4871},"process":{"uptime_sec":39614,"memory_used_mb":130.07,"memory_percent":3.4258},"mqtt":{"connected":true,"queued":0,"published":358,"received":19},"devices":{"0x180df9fffe6dc582":{"messages":20,"messages_per_sec":0.0005,"leave_count":0,"network_address_changes":0},"0x180df9fffe11030e":{"messages":24,"messages_per_sec":0.0006,"leave_count":0,"network_address_changes":0},"0x180df9fffe380cc7":{"messages":20,"messages_per_sec":0.0005,"leave_count":0,"network_address_changes":0},"0x180df9fffe384006":{"messages":19,"messages_per_sec":0.0005,"leave_count":0,"network_address_changes":0},"0x001788010c447ec6":{"messages":10,"messages_per_sec":0.0003,"leave_count":0,"network_address_changes":0}}}'
[2026-01-18 02:28:43] info: 	z2m:mqtt: MQTT publish: topic 'zigbee2mqtt/bridge/health', payload '{"response_time":1768699723332,"os":{"load_average":[0.04,0.02,0],"memory_used_mb":1077.63,"memory_percent":28.3821},"process":{"uptime_sec":40214,"memory_used_mb":130.07,"memory_percent":3.4258},"mqtt":{"connected":true,"queued":0,"published":360,"received":19},"devices":{"0x180df9fffe6dc582":{"messages":20,"messages_per_sec":0.0005,"leave_count":0,"network_address_changes":0},"0x180df9fffe11030e":{"messages":24,"messages_per_sec":0.0006,"leave_count":0,"network_address_changes":0},"0x180df9fffe380cc7":{"messages":20,"messages_per_sec":0.0005,"leave_count":0,"network_address_changes":0},"0x180df9fffe384006":{"messages":19,"messages_per_sec":0.0005,"leave_count":0,"network_address_changes":0},"0x001788010c447ec6":{"messages":10,"messages_per_sec":0.0003,"leave_count":0,"network_address_changes":0}}}'
[2026-01-18 02:38:43] info: 	z2m:mqtt: MQTT publish: topic 'zigbee2mqtt/bridge/health', payload '{"response_time":1768700323336,"os":{"load_average":[0,0,0],"memory_used_mb":1077.71,"memory_percent":28.3842},"process":{"uptime_sec":40814,"memory_used_mb":130.07,"memory_percent":3.4258},"mqtt":{"connected":true,"queued":0,"published":362,"received":19},"devices":{"0x180df9fffe6dc582":{"messages":20,"messages_per_sec":0.0005,"leave_count":0,"network_address_changes":0},"0x180df9fffe11030e":{"messages":24,"messages_per_sec":0.0006,"leave_count":0,"network_address_changes":0},"0x180df9fffe380cc7":{"messages":20,"messages_per_sec":0.0005,"leave_count":0,"network_address_changes":0},"0x180df9fffe384006":{"messages":19,"messages_per_sec":0.0005,"leave_count":0,"network_address_changes":0},"0x001788010c447ec6":{"messages":10,"messages_per_sec":0.0003,"leave_count":0,"network_address_changes":0}}}'
[2026-01-18 02:48:43] info: 	z2m:mqtt: MQTT publish: topic 'zigbee2mqtt/bridge/health', payload '{"response_time":1768700923340,"os":{"load_average":[0.02,0.05,0.01],"memory_used_mb":1081.34,"memory_percent":28.4797},"process":{"uptime_sec":41414,"memory_used_mb":130.07,"memory_percent":3.4258},"mqtt":{"connected":true,"queued":0,"published":364,"received":19},"devices":{"0x180df9fffe6dc582":{"messages":20,"messages_per_sec":0.0005,"leave_count":0,"network_address_changes":0},"0x180df9fffe11030e":{"messages":24,"messages_per_sec":0.0006,"leave_count":0,"network_address_changes":0},"0x180df9fffe380cc7":{"messages":20,"messages_per_sec":0.0005,"leave_count":0,"network_address_changes":0},"0x180df9fffe384006":{"messages":19,"messages_per_sec":0.0005,"leave_count":0,"network_address_changes":0},"0x001788010c447ec6":{"messages":10,"messages_per_sec":0.0003,"leave_count":0,"network_address_changes":0}}}'
[2026-01-18 02:58:43] info: 	z2m:mqtt: MQTT publish: topic 'zigbee2mqtt/bridge/health', payload '{"response_time":1768701523354,"os":{"load_average":[0.37,0.09,0.03],"memory_used_mb":1082.66,"memory_percent":28.5147},"process":{"uptime_sec":42014,"memory_used_mb":130.07,"memory_percent":3.4258},"mqtt":{"connected":true,"queued":0,"published":366,"received":19},"devices":{"0x180df9fffe6dc582":{"messages":20,"messages_per_sec":0.0005,"leave_count":0,"network_address_changes":0},"0x180df9fffe11030e":{"messages":24,"messages_per_sec":0.0006,"leave_count":0,"network_address_changes":0},"0x180df9fffe380cc7":{"messages":20,"messages_per_sec":0.0005,"leave_count":0,"network_address_changes":0},"0x180df9fffe384006":{"messages":19,"messages_per_sec":0.0005,"leave_count":0,"network_address_changes":0},"0x001788010c447ec6":{"messages":10,"messages_per_sec":0.0003,"leave_count":0,"network_address_changes":0}}}'
[2026-01-18 03:08:43] info: 	z2m:mqtt: MQTT publish: topic 'zigbee2mqtt/bridge/health', payload '{"response_time":1768702123391,"os":{"load_average":[0,0.02,0],"memory_used_mb":1085.91,"memory_percent":28.6003},"process":{"uptime_sec":42614,"memory_used_mb":130.07,"memory_percent":3.4258},"mqtt":{"connected":true,"queued":0,"published":368,"received":19},"devices":{"0x180df9fffe6dc582":{"messages":20,"messages_per_sec":0.0005,"leave_count":0,"network_address_changes":0},"0x180df9fffe11030e":{"messages":24,"messages_per_sec":0.0006,"leave_count":0,"network_address_changes":0},"0x180df9fffe380cc7":{"messages":20,"messages_per_sec":0.0005,"leave_count":0,"network_address_changes":0},"0x180df9fffe384006":{"messages":19,"messages_per_sec":0.0004,"leave_count":0,"network_address_changes":0},"0x001788010c447ec6":{"messages":10,"messages_per_sec":0.0003,"leave_count":0,"network_address_changes":0}}}'
[2026-01-18 03:18:42] info: 	zh:ember: [NCP COUNTERS] 1215,471,16,0,0,0,0,0,0,0,0,0,60,0,0,0,0,0,0,0,0,0,0,0,0,0,0,0,0,0,0,0,0,0,0,0,0,0,0,0,0,0
[2026-01-18 03:18:42] info: 	zh:ember: [ASH COUNTERS] 5,2,1,1,0,0,0,0,87,1,1,0,0,0,0,0,0,0,0,0,0,0,0,0,0,0,0
[2026-01-18 03:18:43] info: 	z2m:mqtt: MQTT publish: topic 'zigbee2mqtt/bridge/health', payload '{"response_time":1768702723471,"os":{"load_average":[0,0,0],"memory_used_mb":1086.7,"memory_percent":28.621},"process":{"uptime_sec":43214,"memory_used_mb":130.07,"memory_percent":3.4258},"mqtt":{"connected":true,"queued":0,"published":372,"received":19},"devices":{"0x180df9fffe6dc582":{"messages":20,"messages_per_sec":0.0005,"leave_count":0,"network_address_changes":0},"0x180df9fffe11030e":{"messages":24,"messages_per_sec":0.0006,"leave_count":0,"network_address_changes":0},"0x180df9fffe380cc7":{"messages":20,"messages_per_sec":0.0005,"leave_count":0,"network_address_changes":0},"0x180df9fffe384006":{"messages":19,"messages_per_sec":0.0004,"leave_count":0,"network_address_changes":0},"0x001788010c447ec6":{"messages":10,"messages_per_sec":0.0003,"leave_count":0,"network_address_changes":0}}}'
[2026-01-18 03:28:43] info: 	z2m:mqtt: MQTT publish: topic 'zigbee2mqtt/bridge/health', payload '{"response_time":1768703323471,"os":{"load_average":[0,0,0],"memory_used_mb":1088.14,"memory_percent":28.6589},"process":{"uptime_sec":43814,"memory_used_mb":130.29,"memory_percent":3.4316},"mqtt":{"connected":true,"queued":0,"published":374,"received":19},"devices":{"0x180df9fffe6dc582":{"messages":20,"messages_per_sec":0.0005,"leave_count":0,"network_address_changes":0},"0x180df9fffe11030e":{"messages":24,"messages_per_sec":0.0005,"leave_count":0,"network_address_changes":0},"0x180df9fffe380cc7":{"messages":20,"messages_per_sec":0.0005,"leave_count":0,"network_address_changes":0},"0x180df9fffe384006":{"messages":19,"messages_per_sec":0.0004,"leave_count":0,"network_address_changes":0},"0x001788010c447ec6":{"messages":10,"messages_per_sec":0.0003,"leave_count":0,"network_address_changes":0}}}'
[2026-01-18 03:38:43] info: 	z2m:mqtt: MQTT publish: topic 'zigbee2mqtt/bridge/health', payload '{"response_time":1768703923471,"os":{"load_average":[0.03,0.01,0],"memory_used_mb":1088.84,"memory_percent":28.6774},"process":{"uptime_sec":44414,"memory_used_mb":130.29,"memory_percent":3.4316},"mqtt":{"connected":true,"queued":0,"published":376,"received":19},"devices":{"0x180df9fffe6dc582":{"messages":20,"messages_per_sec":0.0005,"leave_count":0,"network_address_changes":0},"0x180df9fffe11030e":{"messages":24,"messages_per_sec":0.0005,"leave_count":0,"network_address_changes":0},"0x180df9fffe380cc7":{"messages":20,"messages_per_sec":0.0005,"leave_count":0,"network_address_changes":0},"0x180df9fffe384006":{"messages":19,"messages_per_sec":0.0004,"leave_count":0,"network_address_changes":0},"0x001788010c447ec6":{"messages":10,"messages_per_sec":0.0003,"leave_count":0,"network_address_changes":0}}}'
[2026-01-18 03:48:43] info: 	z2m:mqtt: MQTT publish: topic 'zigbee2mqtt/bridge/health', payload '{"response_time":1768704523471,"os":{"load_average":[0,0,0],"memory_used_mb":1091.95,"memory_percent":28.7591},"process":{"uptime_sec":45014,"memory_used_mb":130.29,"memory_percent":3.4316},"mqtt":{"connected":true,"queued":0,"published":378,"received":19},"devices":{"0x180df9fffe6dc582":{"messages":20,"messages_per_sec":0.0004,"leave_count":0,"network_address_changes":0},"0x180df9fffe11030e":{"messages":24,"messages_per_sec":0.0005,"leave_count":0,"network_address_changes":0},"0x180df9fffe380cc7":{"messages":20,"messages_per_sec":0.0004,"leave_count":0,"network_address_changes":0},"0x180df9fffe384006":{"messages":19,"messages_per_sec":0.0004,"leave_count":0,"network_address_changes":0},"0x001788010c447ec6":{"messages":10,"messages_per_sec":0.0003,"leave_count":0,"network_address_changes":0}}}'
[2026-01-18 03:58:43] info: 	z2m:mqtt: MQTT publish: topic 'zigbee2mqtt/bridge/health', payload '{"response_time":1768705123471,"os":{"load_average":[0,0,0],"memory_used_mb":1095.57,"memory_percent":28.8546},"process":{"uptime_sec":45614,"memory_used_mb":130.27,"memory_percent":3.431},"mqtt":{"connected":true,"queued":0,"published":380,"received":19},"devices":{"0x180df9fffe6dc582":{"messages":20,"messages_per_sec":0.0004,"leave_count":0,"network_address_changes":0},"0x180df9fffe11030e":{"messages":24,"messages_per_sec":0.0005,"leave_count":0,"network_address_changes":0},"0x180df9fffe380cc7":{"messages":20,"messages_per_sec":0.0004,"leave_count":0,"network_address_changes":0},"0x180df9fffe384006":{"messages":19,"messages_per_sec":0.0004,"leave_count":0,"network_address_changes":0},"0x001788010c447ec6":{"messages":10,"messages_per_sec":0.0003,"leave_count":0,"network_address_changes":0}}}'
[2026-01-18 04:08:43] info: 	z2m:mqtt: MQTT publish: topic 'zigbee2mqtt/bridge/health', payload '{"response_time":1768705723471,"os":{"load_average":[0,0,0],"memory_used_mb":1095.43,"memory_percent":28.8509},"process":{"uptime_sec":46214,"memory_used_mb":130.27,"memory_percent":3.431},"mqtt":{"connected":true,"queued":0,"published":382,"received":19},"devices":{"0x180df9fffe6dc582":{"messages":20,"messages_per_sec":0.0004,"leave_count":0,"network_address_changes":0},"0x180df9fffe11030e":{"messages":24,"messages_per_sec":0.0005,"leave_count":0,"network_address_changes":0},"0x180df9fffe380cc7":{"messages":20,"messages_per_sec":0.0004,"leave_count":0,"network_address_changes":0},"0x180df9fffe384006":{"messages":19,"messages_per_sec":0.0004,"leave_count":0,"network_address_changes":0},"0x001788010c447ec6":{"messages":10,"messages_per_sec":0.0003,"leave_count":0,"network_address_changes":0}}}'
[2026-01-18 04:18:42] info: 	zh:ember: [NCP COUNTERS] 1219,470,0,0,0,0,0,0,0,0,0,0,61,0,0,0,0,0,0,0,0,0,0,0,0,0,0,0,0,0,0,0,0,0,0,0,0,0,0,0,0,0
[2026-01-18 04:18:42] info: 	zh:ember: [ASH COUNTERS] 5,2,1,1,0,0,0,0,87,1,1,0,0,0,0,0,0,0,0,0,0,0,0,0,0,0,0
[2026-01-18 04:18:43] info: 	z2m:mqtt: MQTT publish: topic 'zigbee2mqtt/bridge/health', payload '{"response_time":1768706323471,"os":{"load_average":[0,0.07,0.04],"memory_used_mb":1096.91,"memory_percent":28.8898},"process":{"uptime_sec":46814,"memory_used_mb":130.27,"memory_percent":3.431},"mqtt":{"connected":true,"queued":0,"published":386,"received":19},"devices":{"0x180df9fffe6dc582":{"messages":20,"messages_per_sec":0.0004,"leave_count":0,"network_address_changes":0},"0x180df9fffe11030e":{"messages":24,"messages_per_sec":0.0005,"leave_count":0,"network_address_changes":0},"0x180df9fffe380cc7":{"messages":20,"messages_per_sec":0.0004,"leave_count":0,"network_address_changes":0},"0x180df9fffe384006":{"messages":19,"messages_per_sec":0.0004,"leave_count":0,"network_address_changes":0},"0x001788010c447ec6":{"messages":10,"messages_per_sec":0.0003,"leave_count":0,"network_address_changes":0}}}'
[2026-01-18 04:28:43] info: 	z2m:mqtt: MQTT publish: topic 'zigbee2mqtt/bridge/health', payload '{"response_time":1768706923471,"os":{"load_average":[0,0.02,0],"memory_used_mb":1047.19,"memory_percent":27.5803},"process":{"uptime_sec":47414,"memory_used_mb":130.38,"memory_percent":3.4339},"mqtt":{"connected":true,"queued":0,"published":388,"received":19},"devices":{"0x180df9fffe6dc582":{"messages":20,"messages_per_sec":0.0004,"leave_count":0,"network_address_changes":0},"0x180df9fffe11030e":{"messages":24,"messages_per_sec":0.0005,"leave_count":0,"network_address_changes":0},"0x180df9fffe380cc7":{"messages":20,"messages_per_sec":0.0004,"leave_count":0,"network_address_changes":0},"0x180df9fffe384006":{"messages":19,"messages_per_sec":0.0004,"leave_count":0,"network_address_changes":0},"0x001788010c447ec6":{"messages":10,"messages_per_sec":0.0002,"leave_count":0,"network_address_changes":0}}}'
[2026-01-18 04:38:43] info: 	z2m:mqtt: MQTT publish: topic 'zigbee2mqtt/bridge/health', payload '{"response_time":1768707523479,"os":{"load_average":[0,0,0],"memory_used_mb":1046.36,"memory_percent":27.5586},"process":{"uptime_sec":48014,"memory_used_mb":130.38,"memory_percent":3.4339},"mqtt":{"connected":true,"queued":0,"published":390,"received":19},"devices":{"0x180df9fffe6dc582":{"messages":20,"messages_per_sec":0.0004,"leave_count":0,"network_address_changes":0},"0x180df9fffe11030e":{"messages":24,"messages_per_sec":0.0005,"leave_count":0,"network_address_changes":0},"0x180df9fffe380cc7":{"messages":20,"messages_per_sec":0.0004,"leave_count":0,"network_address_changes":0},"0x180df9fffe384006":{"messages":19,"messages_per_sec":0.0004,"leave_count":0,"network_address_changes":0},"0x001788010c447ec6":{"messages":10,"messages_per_sec":0.0002,"leave_count":0,"network_address_changes":0}}}'
[2026-01-18 04:48:43] info: 	z2m:mqtt: MQTT publish: topic 'zigbee2mqtt/bridge/health', payload '{"response_time":1768708123487,"os":{"load_average":[0,0,0],"memory_used_mb":1052.49,"memory_percent":27.7199},"process":{"uptime_sec":48614,"memory_used_mb":130.25,"memory_percent":3.4306},"mqtt":{"connected":true,"queued":0,"published":392,"received":19},"devices":{"0x180df9fffe6dc582":{"messages":20,"messages_per_sec":0.0004,"leave_count":0,"network_address_changes":0},"0x180df9fffe11030e":{"messages":24,"messages_per_sec":0.0005,"leave_count":0,"network_address_changes":0},"0x180df9fffe380cc7":{"messages":20,"messages_per_sec":0.0004,"leave_count":0,"network_address_changes":0},"0x180df9fffe384006":{"messages":19,"messages_per_sec":0.0004,"leave_count":0,"network_address_changes":0},"0x001788010c447ec6":{"messages":10,"messages_per_sec":0.0002,"leave_count":0,"network_address_changes":0}}}'
[2026-01-18 04:58:43] info: 	z2m:mqtt: MQTT publish: topic 'zigbee2mqtt/bridge/health', payload '{"response_time":1768708723499,"os":{"load_average":[0,0,0],"memory_used_mb":1056.47,"memory_percent":27.8249},"process":{"uptime_sec":49214,"memory_used_mb":130.25,"memory_percent":3.4306},"mqtt":{"connected":true,"queued":0,"published":394,"received":19},"devices":{"0x180df9fffe6dc582":{"messages":20,"messages_per_sec":0.0004,"leave_count":0,"network_address_changes":0},"0x180df9fffe11030e":{"messages":24,"messages_per_sec":0.0005,"leave_count":0,"network_address_changes":0},"0x180df9fffe380cc7":{"messages":20,"messages_per_sec":0.0004,"leave_count":0,"network_address_changes":0},"0x180df9fffe384006":{"messages":19,"messages_per_sec":0.0004,"leave_count":0,"network_address_changes":0},"0x001788010c447ec6":{"messages":10,"messages_per_sec":0.0002,"leave_count":0,"network_address_changes":0}}}'
[2026-01-18 05:08:43] info: 	z2m:mqtt: MQTT publish: topic 'zigbee2mqtt/bridge/health', payload '{"response_time":1768709323519,"os":{"load_average":[0,0,0],"memory_used_mb":1043.3,"memory_percent":27.4778},"process":{"uptime_sec":49814,"memory_used_mb":130.25,"memory_percent":3.4306},"mqtt":{"connected":true,"queued":0,"published":396,"received":19},"devices":{"0x180df9fffe6dc582":{"messages":20,"messages_per_sec":0.0004,"leave_count":0,"network_address_changes":0},"0x180df9fffe11030e":{"messages":24,"messages_per_sec":0.0005,"leave_count":0,"network_address_changes":0},"0x180df9fffe380cc7":{"messages":20,"messages_per_sec":0.0004,"leave_count":0,"network_address_changes":0},"0x180df9fffe384006":{"messages":19,"messages_per_sec":0.0004,"leave_count":0,"network_address_changes":0},"0x001788010c447ec6":{"messages":10,"messages_per_sec":0.0002,"leave_count":0,"network_address_changes":0}}}'
[2026-01-18 05:18:42] info: 	zh:ember: [NCP COUNTERS] 1224,475,16,0,0,0,0,0,0,0,0,0,61,0,0,0,0,0,0,0,0,0,0,0,0,0,0,0,0,0,0,0,0,0,0,0,0,0,0,0,0,0
[2026-01-18 05:18:42] info: 	zh:ember: [ASH COUNTERS] 5,2,1,1,0,0,0,0,87,1,1,0,0,0,0,0,0,0,0,0,0,0,0,0,0,0,0
[2026-01-18 05:18:43] info: 	z2m:mqtt: MQTT publish: topic 'zigbee2mqtt/bridge/health', payload '{"response_time":1768709923520,"os":{"load_average":[0.05,0.04,0.01],"memory_used_mb":1042.81,"memory_percent":27.4651},"process":{"uptime_sec":50414,"memory_used_mb":130.25,"memory_percent":3.4306},"mqtt":{"connected":true,"queued":0,"published":400,"received":19},"devices":{"0x180df9fffe6dc582":{"messages":20,"messages_per_sec":0.0004,"leave_count":0,"network_address_changes":0},"0x180df9fffe11030e":{"messages":24,"messages_per_sec":0.0005,"leave_count":0,"network_address_changes":0},"0x180df9fffe380cc7":{"messages":20,"messages_per_sec":0.0004,"leave_count":0,"network_address_changes":0},"0x180df9fffe384006":{"messages":19,"messages_per_sec":0.0004,"leave_count":0,"network_address_changes":0},"0x001788010c447ec6":{"messages":10,"messages_per_sec":0.0002,"leave_count":0,"network_address_changes":0}}}'
[2026-01-18 05:28:43] info: 	z2m:mqtt: MQTT publish: topic 'zigbee2mqtt/bridge/health', payload '{"response_time":1768710523523,"os":{"load_average":[0.2,0.09,0.03],"memory_used_mb":1044.64,"memory_percent":27.5131},"process":{"uptime_sec":51014,"memory_used_mb":130.25,"memory_percent":3.4306},"mqtt":{"connected":true,"queued":0,"published":402,"received":19},"devices":{"0x180df9fffe6dc582":{"messages":20,"messages_per_sec":0.0004,"leave_count":0,"network_address_changes":0},"0x180df9fffe11030e":{"messages":24,"messages_per_sec":0.0005,"leave_count":0,"network_address_changes":0},"0x180df9fffe380cc7":{"messages":20,"messages_per_sec":0.0004,"leave_count":0,"network_address_changes":0},"0x180df9fffe384006":{"messages":19,"messages_per_sec":0.0004,"leave_count":0,"network_address_changes":0},"0x001788010c447ec6":{"messages":10,"messages_per_sec":0.0002,"leave_count":0,"network_address_changes":0}}}'
[2026-01-18 05:38:43] info: 	z2m:mqtt: MQTT publish: topic 'zigbee2mqtt/bridge/health', payload '{"response_time":1768711123530,"os":{"load_average":[0.03,0.08,0.02],"memory_used_mb":1044.22,"memory_percent":27.5021},"process":{"uptime_sec":51614,"memory_used_mb":130.25,"memory_percent":3.4306},"mqtt":{"connected":true,"queued":0,"published":404,"received":19},"devices":{"0x180df9fffe6dc582":{"messages":20,"messages_per_sec":0.0004,"leave_count":0,"network_address_changes":0},"0x180df9fffe11030e":{"messages":24,"messages_per_sec":0.0005,"leave_count":0,"network_address_changes":0},"0x180df9fffe380cc7":{"messages":20,"messages_per_sec":0.0004,"leave_count":0,"network_address_changes":0},"0x180df9fffe384006":{"messages":19,"messages_per_sec":0.0004,"leave_count":0,"network_address_changes":0},"0x001788010c447ec6":{"messages":10,"messages_per_sec":0.0002,"leave_count":0,"network_address_changes":0}}}'
[2026-01-18 05:48:43] info: 	z2m:mqtt: MQTT publish: topic 'zigbee2mqtt/bridge/health', payload '{"response_time":1768711723538,"os":{"load_average":[0,0,0],"memory_used_mb":1045.73,"memory_percent":27.5419},"process":{"uptime_sec":52214,"memory_used_mb":130.25,"memory_percent":3.4306},"mqtt":{"connected":true,"queued":0,"published":406,"received":19},"devices":{"0x180df9fffe6dc582":{"messages":20,"messages_per_sec":0.0004,"leave_count":0,"network_address_changes":0},"0x180df9fffe11030e":{"messages":24,"messages_per_sec":0.0005,"leave_count":0,"network_address_changes":0},"0x180df9fffe380cc7":{"messages":20,"messages_per_sec":0.0004,"leave_count":0,"network_address_changes":0},"0x180df9fffe384006":{"messages":19,"messages_per_sec":0.0004,"leave_count":0,"network_address_changes":0},"0x001788010c447ec6":{"messages":10,"messages_per_sec":0.0002,"leave_count":0,"network_address_changes":0}}}'
[2026-01-18 05:58:43] info: 	z2m:mqtt: MQTT publish: topic 'zigbee2mqtt/bridge/health', payload '{"response_time":1768712323545,"os":{"load_average":[0,0.03,0],"memory_used_mb":1046.42,"memory_percent":27.56},"process":{"uptime_sec":52814,"memory_used_mb":130.25,"memory_percent":3.4306},"mqtt":{"connected":true,"queued":0,"published":408,"received":19},"devices":{"0x180df9fffe6dc582":{"messages":20,"messages_per_sec":0.0004,"leave_count":0,"network_address_changes":0},"0x180df9fffe11030e":{"messages":24,"messages_per_sec":0.0005,"leave_count":0,"network_address_changes":0},"0x180df9fffe380cc7":{"messages":20,"messages_per_sec":0.0004,"leave_count":0,"network_address_changes":0},"0x180df9fffe384006":{"messages":19,"messages_per_sec":0.0004,"leave_count":0,"network_address_changes":0},"0x001788010c447ec6":{"messages":10,"messages_per_sec":0.0002,"leave_count":0,"network_address_changes":0}}}'
[2026-01-18 06:08:43] info: 	z2m:mqtt: MQTT publish: topic 'zigbee2mqtt/bridge/health', payload '{"response_time":1768712923551,"os":{"load_average":[0,0,0],"memory_used_mb":1046.53,"memory_percent":27.5629},"process":{"uptime_sec":53414,"memory_used_mb":130.25,"memory_percent":3.4306},"mqtt":{"connected":true,"queued":0,"published":410,"received":19},"devices":{"0x180df9fffe6dc582":{"messages":20,"messages_per_sec":0.0004,"leave_count":0,"network_address_changes":0},"0x180df9fffe11030e":{"messages":24,"messages_per_sec":0.0005,"leave_count":0,"network_address_changes":0},"0x180df9fffe380cc7":{"messages":20,"messages_per_sec":0.0004,"leave_count":0,"network_address_changes":0},"0x180df9fffe384006":{"messages":19,"messages_per_sec":0.0004,"leave_count":0,"network_address_changes":0},"0x001788010c447ec6":{"messages":10,"messages_per_sec":0.0002,"leave_count":0,"network_address_changes":0}}}'
[2026-01-18 06:18:42] info: 	zh:ember: [NCP COUNTERS] 1223,472,0,0,0,0,0,0,0,0,0,0,61,0,0,0,0,0,0,0,0,0,0,0,0,0,0,0,0,0,0,0,0,0,0,0,0,0,0,0,0,0
[2026-01-18 06:18:42] info: 	zh:ember: [ASH COUNTERS] 5,2,1,1,0,0,0,0,87,1,1,0,0,0,0,0,0,0,0,0,0,0,0,0,0,0,0
[2026-01-18 06:18:43] info: 	z2m:mqtt: MQTT publish: topic 'zigbee2mqtt/bridge/health', payload '{"response_time":1768713523552,"os":{"load_average":[0.04,0.07,0.02],"memory_used_mb":1045.7,"memory_percent":27.541},"process":{"uptime_sec":54014,"memory_used_mb":130.23,"memory_percent":3.43},"mqtt":{"connected":true,"queued":0,"published":414,"received":19},"devices":{"0x180df9fffe6dc582":{"messages":20,"messages_per_sec":0.0004,"leave_count":0,"network_address_changes":0},"0x180df9fffe11030e":{"messages":24,"messages_per_sec":0.0004,"leave_count":0,"network_address_changes":0},"0x180df9fffe380cc7":{"messages":20,"messages_per_sec":0.0004,"leave_count":0,"network_address_changes":0},"0x180df9fffe384006":{"messages":19,"messages_per_sec":0.0004,"leave_count":0,"network_address_changes":0},"0x001788010c447ec6":{"messages":10,"messages_per_sec":0.0002,"leave_count":0,"network_address_changes":0}}}'
[2026-01-18 06:28:43] info: 	z2m:mqtt: MQTT publish: topic 'zigbee2mqtt/bridge/health', payload '{"response_time":1768714123555,"os":{"load_average":[0,0.01,0],"memory_used_mb":1048.4,"memory_percent":27.6123},"process":{"uptime_sec":54614,"memory_used_mb":130.22,"memory_percent":3.4297},"mqtt":{"connected":true,"queued":0,"published":416,"received":19},"devices":{"0x180df9fffe6dc582":{"messages":20,"messages_per_sec":0.0004,"leave_count":0,"network_address_changes":0},"0x180df9fffe11030e":{"messages":24,"messages_per_sec":0.0004,"leave_count":0,"network_address_changes":0},"0x180df9fffe380cc7":{"messages":20,"messages_per_sec":0.0004,"leave_count":0,"network_address_changes":0},"0x180df9fffe384006":{"messages":19,"messages_per_sec":0.0004,"leave_count":0,"network_address_changes":0},"0x001788010c447ec6":{"messages":10,"messages_per_sec":0.0002,"leave_count":0,"network_address_changes":0}}}'
[2026-01-18 06:38:43] info: 	z2m:mqtt: MQTT publish: topic 'zigbee2mqtt/bridge/health', payload '{"response_time":1768714723558,"os":{"load_average":[0,0,0],"memory_used_mb":1048.65,"memory_percent":27.6188},"process":{"uptime_sec":55214,"memory_used_mb":130.22,"memory_percent":3.4297},"mqtt":{"connected":true,"queued":0,"published":418,"received":19},"devices":{"0x180df9fffe6dc582":{"messages":20,"messages_per_sec":0.0004,"leave_count":0,"network_address_changes":0},"0x180df9fffe11030e":{"messages":24,"messages_per_sec":0.0004,"leave_count":0,"network_address_changes":0},"0x180df9fffe380cc7":{"messages":20,"messages_per_sec":0.0004,"leave_count":0,"network_address_changes":0},"0x180df9fffe384006":{"messages":19,"messages_per_sec":0.0003,"leave_count":0,"network_address_changes":0},"0x001788010c447ec6":{"messages":10,"messages_per_sec":0.0002,"leave_count":0,"network_address_changes":0}}}'
[2026-01-18 06:48:43] info: 	z2m:mqtt: MQTT publish: topic 'zigbee2mqtt/bridge/health', payload '{"response_time":1768715323558,"os":{"load_average":[0.05,0.06,0.02],"memory_used_mb":1050.99,"memory_percent":27.6804},"process":{"uptime_sec":55814,"memory_used_mb":130.21,"memory_percent":3.4294},"mqtt":{"connected":true,"queued":0,"published":420,"received":19},"devices":{"0x180df9fffe6dc582":{"messages":20,"messages_per_sec":0.0004,"leave_count":0,"network_address_changes":0},"0x180df9fffe11030e":{"messages":24,"messages_per_sec":0.0004,"leave_count":0,"network_address_changes":0},"0x180df9fffe380cc7":{"messages":20,"messages_per_sec":0.0004,"leave_count":0,"network_address_changes":0},"0x180df9fffe384006":{"messages":19,"messages_per_sec":0.0003,"leave_count":0,"network_address_changes":0},"0x001788010c447ec6":{"messages":10,"messages_per_sec":0.0002,"leave_count":0,"network_address_changes":0}}}'
[2026-01-18 06:58:43] info: 	z2m:mqtt: MQTT publish: topic 'zigbee2mqtt/bridge/health', payload '{"response_time":1768715923571,"os":{"load_average":[0.01,0.02,0],"memory_used_mb":1048.12,"memory_percent":27.6048},"process":{"uptime_sec":56414,"memory_used_mb":130.39,"memory_percent":3.4341},"mqtt":{"connected":true,"queued":0,"published":422,"received":19},"devices":{"0x180df9fffe6dc582":{"messages":20,"messages_per_sec":0.0004,"leave_count":0,"network_address_changes":0},"0x180df9fffe11030e":{"messages":24,"messages_per_sec":0.0004,"leave_count":0,"network_address_changes":0},"0x180df9fffe380cc7":{"messages":20,"messages_per_sec":0.0004,"leave_count":0,"network_address_changes":0},"0x180df9fffe384006":{"messages":19,"messages_per_sec":0.0003,"leave_count":0,"network_address_changes":0},"0x001788010c447ec6":{"messages":10,"messages_per_sec":0.0002,"leave_count":0,"network_address_changes":0}}}'
[2026-01-18 07:08:43] info: 	z2m:mqtt: MQTT publish: topic 'zigbee2mqtt/bridge/health', payload '{"response_time":1768716523583,"os":{"load_average":[0,0,0],"memory_used_mb":1051.62,"memory_percent":27.697},"process":{"uptime_sec":57014,"memory_used_mb":130.39,"memory_percent":3.4341},"mqtt":{"connected":true,"queued":0,"published":424,"received":19},"devices":{"0x180df9fffe6dc582":{"messages":20,"messages_per_sec":0.0004,"leave_count":0,"network_address_changes":0},"0x180df9fffe11030e":{"messages":24,"messages_per_sec":0.0004,"leave_count":0,"network_address_changes":0},"0x180df9fffe380cc7":{"messages":20,"messages_per_sec":0.0004,"leave_count":0,"network_address_changes":0},"0x180df9fffe384006":{"messages":19,"messages_per_sec":0.0003,"leave_count":0,"network_address_changes":0},"0x001788010c447ec6":{"messages":10,"messages_per_sec":0.0002,"leave_count":0,"network_address_changes":0}}}'
[2026-01-18 07:18:42] info: 	zh:ember: [NCP COUNTERS] 1228,476,16,0,0,0,0,0,0,0,0,0,61,0,0,0,0,0,0,0,0,0,0,0,0,0,0,0,0,0,0,0,0,0,0,0,0,0,0,0,0,0
[2026-01-18 07:18:42] info: 	zh:ember: [ASH COUNTERS] 5,2,1,1,0,0,0,0,87,1,1,0,0,0,0,0,0,0,0,0,0,0,0,0,0,0,0
[2026-01-18 07:18:43] info: 	z2m:mqtt: MQTT publish: topic 'zigbee2mqtt/bridge/health', payload '{"response_time":1768717123592,"os":{"load_average":[0,0.02,0],"memory_used_mb":1051.32,"memory_percent":27.689},"process":{"uptime_sec":57614,"memory_used_mb":130.25,"memory_percent":3.4304},"mqtt":{"connected":true,"queued":0,"published":428,"received":19},"devices":{"0x180df9fffe6dc582":{"messages":20,"messages_per_sec":0.0003,"leave_count":0,"network_address_changes":0},"0x180df9fffe11030e":{"messages":24,"messages_per_sec":0.0004,"leave_count":0,"network_address_changes":0},"0x180df9fffe380cc7":{"messages":20,"messages_per_sec":0.0003,"leave_count":0,"network_address_changes":0},"0x180df9fffe384006":{"messages":19,"messages_per_sec":0.0003,"leave_count":0,"network_address_changes":0},"0x001788010c447ec6":{"messages":10,"messages_per_sec":0.0002,"leave_count":0,"network_address_changes":0}}}'
[2026-01-18 07:28:43] info: 	z2m:mqtt: MQTT publish: topic 'zigbee2mqtt/bridge/health', payload '{"response_time":1768717723604,"os":{"load_average":[0,0,0],"memory_used_mb":1054.7,"memory_percent":27.7782},"process":{"uptime_sec":58214,"memory_used_mb":130.25,"memory_percent":3.4304},"mqtt":{"connected":true,"queued":0,"published":430,"received":19},"devices":{"0x180df9fffe6dc582":{"messages":20,"messages_per_sec":0.0003,"leave_count":0,"network_address_changes":0},"0x180df9fffe11030e":{"messages":24,"messages_per_sec":0.0004,"leave_count":0,"network_address_changes":0},"0x180df9fffe380cc7":{"messages":20,"messages_per_sec":0.0003,"leave_count":0,"network_address_changes":0},"0x180df9fffe384006":{"messages":19,"messages_per_sec":0.0003,"leave_count":0,"network_address_changes":0},"0x001788010c447ec6":{"messages":10,"messages_per_sec":0.0002,"leave_count":0,"network_address_changes":0}}}'
[2026-01-18 07:38:43] info: 	z2m:mqtt: MQTT publish: topic 'zigbee2mqtt/bridge/health', payload '{"response_time":1768718323618,"os":{"load_average":[0.05,0.01,0],"memory_used_mb":1057.05,"memory_percent":27.8401},"process":{"uptime_sec":58814,"memory_used_mb":130.25,"memory_percent":3.4304},"mqtt":{"connected":true,"queued":0,"published":432,"received":19},"devices":{"0x180df9fffe6dc582":{"messages":20,"messages_per_sec":0.0003,"leave_count":0,"network_address_changes":0},"0x180df9fffe11030e":{"messages":24,"messages_per_sec":0.0004,"leave_count":0,"network_address_changes":0},"0x180df9fffe380cc7":{"messages":20,"messages_per_sec":0.0003,"leave_count":0,"network_address_changes":0},"0x180df9fffe384006":{"messages":19,"messages_per_sec":0.0003,"leave_count":0,"network_address_changes":0},"0x001788010c447ec6":{"messages":10,"messages_per_sec":0.0002,"leave_count":0,"network_address_changes":0}}}'
[2026-01-18 07:48:43] info: 	z2m:mqtt: MQTT publish: topic 'zigbee2mqtt/bridge/health', payload '{"response_time":1768718923632,"os":{"load_average":[0,0.01,0],"memory_used_mb":1054.8,"memory_percent":27.7809},"process":{"uptime_sec":59415,"memory_used_mb":130.37,"memory_percent":3.4336},"mqtt":{"connected":true,"queued":0,"published":434,"received":19},"devices":{"0x180df9fffe6dc582":{"messages":20,"messages_per_sec":0.0003,"leave_count":0,"network_address_changes":0},"0x180df9fffe11030e":{"messages":24,"messages_per_sec":0.0004,"leave_count":0,"network_address_changes":0},"0x180df9fffe380cc7":{"messages":20,"messages_per_sec":0.0003,"leave_count":0,"network_address_changes":0},"0x180df9fffe384006":{"messages":19,"messages_per_sec":0.0003,"leave_count":0,"network_address_changes":0},"0x001788010c447ec6":{"messages":10,"messages_per_sec":0.0002,"leave_count":0,"network_address_changes":0}}}'
[2026-01-18 07:58:43] info: 	z2m:mqtt: MQTT publish: topic 'zigbee2mqtt/bridge/health', payload '{"response_time":1768719523645,"os":{"load_average":[0.04,0.01,0],"memory_used_mb":1054.2,"memory_percent":27.7651},"process":{"uptime_sec":60015,"memory_used_mb":130.35,"memory_percent":3.433},"mqtt":{"connected":true,"queued":0,"published":436,"received":19},"devices":{"0x180df9fffe6dc582":{"messages":20,"messages_per_sec":0.0003,"leave_count":0,"network_address_changes":0},"0x180df9fffe11030e":{"messages":24,"messages_per_sec":0.0004,"leave_count":0,"network_address_changes":0},"0x180df9fffe380cc7":{"messages":20,"messages_per_sec":0.0003,"leave_count":0,"network_address_changes":0},"0x180df9fffe384006":{"messages":19,"messages_per_sec":0.0003,"leave_count":0,"network_address_changes":0},"0x001788010c447ec6":{"messages":10,"messages_per_sec":0.0002,"leave_count":0,"network_address_changes":0}}}'
[2026-01-18 08:08:43] info: 	z2m:mqtt: MQTT publish: topic 'zigbee2mqtt/bridge/health', payload '{"response_time":1768720123659,"os":{"load_average":[0,0,0],"memory_used_mb":1062.79,"memory_percent":27.9911},"process":{"uptime_sec":60615,"memory_used_mb":130.35,"memory_percent":3.433},"mqtt":{"connected":true,"queued":0,"published":438,"received":19},"devices":{"0x180df9fffe6dc582":{"messages":20,"messages_per_sec":0.0003,"leave_count":0,"network_address_changes":0},"0x180df9fffe11030e":{"messages":24,"messages_per_sec":0.0004,"leave_count":0,"network_address_changes":0},"0x180df9fffe380cc7":{"messages":20,"messages_per_sec":0.0003,"leave_count":0,"network_address_changes":0},"0x180df9fffe384006":{"messages":19,"messages_per_sec":0.0003,"leave_count":0,"network_address_changes":0},"0x001788010c447ec6":{"messages":10,"messages_per_sec":0.0002,"leave_count":0,"network_address_changes":0}}}'
[2026-01-18 08:18:42] info: 	zh:ember: [NCP COUNTERS] 1208,467,0,0,0,0,0,0,0,0,0,0,60,0,0,0,0,0,0,0,0,0,0,0,0,0,0,0,0,0,0,0,0,0,0,0,0,0,0,0,0,0
[2026-01-18 08:18:42] info: 	zh:ember: [ASH COUNTERS] 5,2,1,1,0,0,0,0,87,1,1,0,0,0,0,0,0,0,0,0,0,0,0,0,0,0,0
[2026-01-18 08:18:43] info: 	z2m:mqtt: MQTT publish: topic 'zigbee2mqtt/bridge/health', payload '{"response_time":1768720723668,"os":{"load_average":[0,0,0],"memory_used_mb":1058.7,"memory_percent":27.8836},"process":{"uptime_sec":61215,"memory_used_mb":130.35,"memory_percent":3.433},"mqtt":{"connected":true,"queued":0,"published":442,"received":19},"devices":{"0x180df9fffe6dc582":{"messages":20,"messages_per_sec":0.0003,"leave_count":0,"network_address_changes":0},"0x180df9fffe11030e":{"messages":24,"messages_per_sec":0.0004,"leave_count":0,"network_address_changes":0},"0x180df9fffe380cc7":{"messages":20,"messages_per_sec":0.0003,"leave_count":0,"network_address_changes":0},"0x180df9fffe384006":{"messages":19,"messages_per_sec":0.0003,"leave_count":0,"network_address_changes":0},"0x001788010c447ec6":{"messages":10,"messages_per_sec":0.0002,"leave_count":0,"network_address_changes":0}}}'
[2026-01-18 08:28:43] info: 	z2m:mqtt: MQTT publish: topic 'zigbee2mqtt/bridge/health', payload '{"response_time":1768721323681,"os":{"load_average":[0,0,0],"memory_used_mb":1059.31,"memory_percent":27.8996},"process":{"uptime_sec":61815,"memory_used_mb":130.35,"memory_percent":3.433},"mqtt":{"connected":true,"queued":0,"published":444,"received":19},"devices":{"0x180df9fffe6dc582":{"messages":20,"messages_per_sec":0.0003,"leave_count":0,"network_address_changes":0},"0x180df9fffe11030e":{"messages":24,"messages_per_sec":0.0004,"leave_count":0,"network_address_changes":0},"0x180df9fffe380cc7":{"messages":20,"messages_per_sec":0.0003,"leave_count":0,"network_address_changes":0},"0x180df9fffe384006":{"messages":19,"messages_per_sec":0.0003,"leave_count":0,"network_address_changes":0},"0x001788010c447ec6":{"messages":10,"messages_per_sec":0.0002,"leave_count":0,"network_address_changes":0}}}'
[2026-01-18 08:38:43] info: 	z2m:mqtt: MQTT publish: topic 'zigbee2mqtt/bridge/health', payload '{"response_time":1768721923690,"os":{"load_average":[0,0.01,0],"memory_used_mb":1061.79,"memory_percent":27.9649},"process":{"uptime_sec":62415,"memory_used_mb":130.5,"memory_percent":3.437},"mqtt":{"connected":true,"queued":0,"published":446,"received":19},"devices":{"0x180df9fffe6dc582":{"messages":20,"messages_per_sec":0.0003,"leave_count":0,"network_address_changes":0},"0x180df9fffe11030e":{"messages":24,"messages_per_sec":0.0004,"leave_count":0,"network_address_changes":0},"0x180df9fffe380cc7":{"messages":20,"messages_per_sec":0.0003,"leave_count":0,"network_address_changes":0},"0x180df9fffe384006":{"messages":19,"messages_per_sec":0.0003,"leave_count":0,"network_address_changes":0},"0x001788010c447ec6":{"messages":10,"messages_per_sec":0.0002,"leave_count":0,"network_address_changes":0}}}'
[2026-01-18 08:48:43] info: 	z2m:mqtt: MQTT publish: topic 'zigbee2mqtt/bridge/health', payload '{"response_time":1768722523702,"os":{"load_average":[0,0,0],"memory_used_mb":1062.71,"memory_percent":27.989},"process":{"uptime_sec":63015,"memory_used_mb":130.5,"memory_percent":3.437},"mqtt":{"connected":true,"queued":0,"published":448,"received":19},"devices":{"0x180df9fffe6dc582":{"messages":20,"messages_per_sec":0.0003,"leave_count":0,"network_address_changes":0},"0x180df9fffe11030e":{"messages":24,"messages_per_sec":0.0004,"leave_count":0,"network_address_changes":0},"0x180df9fffe380cc7":{"messages":20,"messages_per_sec":0.0003,"leave_count":0,"network_address_changes":0},"0x180df9fffe384006":{"messages":19,"messages_per_sec":0.0003,"leave_count":0,"network_address_changes":0},"0x001788010c447ec6":{"messages":10,"messages_per_sec":0.0002,"leave_count":0,"network_address_changes":0}}}'
[2026-01-18 08:58:43] info: 	z2m:mqtt: MQTT publish: topic 'zigbee2mqtt/bridge/health', payload '{"response_time":1768723123713,"os":{"load_average":[0,0,0],"memory_used_mb":1063.98,"memory_percent":28.0226},"process":{"uptime_sec":63615,"memory_used_mb":130.5,"memory_percent":3.437},"mqtt":{"connected":true,"queued":0,"published":450,"received":19},"devices":{"0x180df9fffe6dc582":{"messages":20,"messages_per_sec":0.0003,"leave_count":0,"network_address_changes":0},"0x180df9fffe11030e":{"messages":24,"messages_per_sec":0.0004,"leave_count":0,"network_address_changes":0},"0x180df9fffe380cc7":{"messages":20,"messages_per_sec":0.0003,"leave_count":0,"network_address_changes":0},"0x180df9fffe384006":{"messages":19,"messages_per_sec":0.0003,"leave_count":0,"network_address_changes":0},"0x001788010c447ec6":{"messages":10,"messages_per_sec":0.0002,"leave_count":0,"network_address_changes":0}}}'
[2026-01-18 09:08:43] info: 	z2m:mqtt: MQTT publish: topic 'zigbee2mqtt/bridge/health', payload '{"response_time":1768723723725,"os":{"load_average":[0,0,0],"memory_used_mb":1066.4,"memory_percent":28.0863},"process":{"uptime_sec":64215,"memory_used_mb":130.5,"memory_percent":3.437},"mqtt":{"connected":true,"queued":0,"published":452,"received":19},"devices":{"0x180df9fffe6dc582":{"messages":20,"messages_per_sec":0.0003,"leave_count":0,"network_address_changes":0},"0x180df9fffe11030e":{"messages":24,"messages_per_sec":0.0004,"leave_count":0,"network_address_changes":0},"0x180df9fffe380cc7":{"messages":20,"messages_per_sec":0.0003,"leave_count":0,"network_address_changes":0},"0x180df9fffe384006":{"messages":19,"messages_per_sec":0.0003,"leave_count":0,"network_address_changes":0},"0x001788010c447ec6":{"messages":10,"messages_per_sec":0.0002,"leave_count":0,"network_address_changes":0}}}'
[2026-01-18 09:18:42] info: 	zh:ember: [NCP COUNTERS] 1217,477,16,0,0,0,0,0,0,0,0,0,61,0,0,0,0,0,0,0,0,0,0,0,0,0,0,0,0,0,0,0,0,0,0,0,0,0,0,0,0,0
[2026-01-18 09:18:42] info: 	zh:ember: [ASH COUNTERS] 5,2,1,1,0,0,0,0,87,1,1,0,0,0,0,0,0,0,0,0,0,0,0,0,0,0,0
[2026-01-18 09:18:43] info: 	z2m:mqtt: MQTT publish: topic 'zigbee2mqtt/bridge/health', payload '{"response_time":1768724323729,"os":{"load_average":[0,0,0],"memory_used_mb":1067.09,"memory_percent":28.1046},"process":{"uptime_sec":64815,"memory_used_mb":130.57,"memory_percent":3.439},"mqtt":{"connected":true,"queued":0,"published":456,"received":19},"devices":{"0x180df9fffe6dc582":{"messages":20,"messages_per_sec":0.0003,"leave_count":0,"network_address_changes":0},"0x180df9fffe11030e":{"messages":24,"messages_per_sec":0.0004,"leave_count":0,"network_address_changes":0},"0x180df9fffe380cc7":{"messages":20,"messages_per_sec":0.0003,"leave_count":0,"network_address_changes":0},"0x180df9fffe384006":{"messages":19,"messages_per_sec":0.0003,"leave_count":0,"network_address_changes":0},"0x001788010c447ec6":{"messages":10,"messages_per_sec":0.0002,"leave_count":0,"network_address_changes":0}}}'
[2026-01-18 09:20:40] info: 	z2m:mqtt: MQTT publish: topic 'zigbee2mqtt/ikea_donut', payload '{"linkquality":220,"power_on_behavior":"previous","state":"ON","update":{"installed_version":33816580,"latest_version":33816613,"state":"available"}}'
[2026-01-18 09:20:52] info: 	z2m:mqtt: MQTT publish: topic 'zigbee2mqtt/light_bulb', payload '{"linkquality":156,"power_on_behavior":"previous","state":"ON","update":{"installed_version":33816580,"latest_version":33816613,"state":"available"}}'
[2026-01-18 09:22:17] info: 	z2m:mqtt: MQTT publish: topic 'zigbee2mqtt/sofa_light', payload '{"linkquality":176,"power_on_behavior":"previous","state":"ON","update":{"installed_version":33816580,"latest_version":33816613,"state":"available"}}'
[2026-01-18 09:28:43] info: 	z2m:mqtt: MQTT publish: topic 'zigbee2mqtt/bridge/health', payload '{"response_time":1768724923770,"os":{"load_average":[0,0,0],"memory_used_mb":1019.77,"memory_percent":26.8583},"process":{"uptime_sec":65415,"memory_used_mb":130.57,"memory_percent":3.4389},"mqtt":{"connected":true,"queued":0,"published":464,"received":19},"devices":{"0x180df9fffe6dc582":{"messages":21,"messages_per_sec":0.0003,"leave_count":0,"network_address_changes":0},"0x180df9fffe11030e":{"messages":25,"messages_per_sec":0.0004,"leave_count":0,"network_address_changes":0},"0x180df9fffe380cc7":{"messages":21,"messages_per_sec":0.0003,"leave_count":0,"network_address_changes":0},"0x180df9fffe384006":{"messages":19,"messages_per_sec":0.0003,"leave_count":0,"network_address_changes":0},"0x001788010c447ec6":{"messages":10,"messages_per_sec":0.0002,"leave_count":0,"network_address_changes":0}}}'
[2026-01-18 09:38:43] info: 	z2m:mqtt: MQTT publish: topic 'zigbee2mqtt/bridge/health', payload '{"response_time":1768725523770,"os":{"load_average":[0.03,0.05,0.01],"memory_used_mb":1019.35,"memory_percent":26.8471},"process":{"uptime_sec":66015,"memory_used_mb":130.57,"memory_percent":3.4388},"mqtt":{"connected":true,"queued":0,"published":466,"received":19},"devices":{"0x180df9fffe6dc582":{"messages":21,"messages_per_sec":0.0003,"leave_count":0,"network_address_changes":0},"0x180df9fffe11030e":{"messages":25,"messages_per_sec":0.0004,"leave_count":0,"network_address_changes":0},"0x180df9fffe380cc7":{"messages":21,"messages_per_sec":0.0003,"leave_count":0,"network_address_changes":0},"0x180df9fffe384006":{"messages":19,"messages_per_sec":0.0003,"leave_count":0,"network_address_changes":0},"0x001788010c447ec6":{"messages":10,"messages_per_sec":0.0002,"leave_count":0,"network_address_changes":0}}}'
[2026-01-18 09:48:43] info: 	z2m:mqtt: MQTT publish: topic 'zigbee2mqtt/bridge/health', payload '{"response_time":1768726123770,"os":{"load_average":[0.01,0.06,0.01],"memory_used_mb":1019.88,"memory_percent":26.8612},"process":{"uptime_sec":66615,"memory_used_mb":130.57,"memory_percent":3.4388},"mqtt":{"connected":true,"queued":0,"published":468,"received":19},"devices":{"0x180df9fffe6dc582":{"messages":21,"messages_per_sec":0.0003,"leave_count":0,"network_address_changes":0},"0x180df9fffe11030e":{"messages":25,"messages_per_sec":0.0004,"leave_count":0,"network_address_changes":0},"0x180df9fffe380cc7":{"messages":21,"messages_per_sec":0.0003,"leave_count":0,"network_address_changes":0},"0x180df9fffe384006":{"messages":19,"messages_per_sec":0.0003,"leave_count":0,"network_address_changes":0},"0x001788010c447ec6":{"messages":10,"messages_per_sec":0.0002,"leave_count":0,"network_address_changes":0}}}'
[2026-01-18 09:58:43] info: 	z2m:mqtt: MQTT publish: topic 'zigbee2mqtt/bridge/health', payload '{"response_time":1768726723790,"os":{"load_average":[0,0,0],"memory_used_mb":1020.7,"memory_percent":26.8827},"process":{"uptime_sec":67215,"memory_used_mb":130.57,"memory_percent":3.4388},"mqtt":{"connected":true,"queued":0,"published":470,"received":19},"devices":{"0x180df9fffe6dc582":{"messages":21,"messages_per_sec":0.0003,"leave_count":0,"network_address_changes":0},"0x180df9fffe11030e":{"messages":25,"messages_per_sec":0.0004,"leave_count":0,"network_address_changes":0},"0x180df9fffe380cc7":{"messages":21,"messages_per_sec":0.0003,"leave_count":0,"network_address_changes":0},"0x180df9fffe384006":{"messages":19,"messages_per_sec":0.0003,"leave_count":0,"network_address_changes":0},"0x001788010c447ec6":{"messages":10,"messages_per_sec":0.0002,"leave_count":0,"network_address_changes":0}}}'
[2026-01-18 10:08:43] info: 	z2m:mqtt: MQTT publish: topic 'zigbee2mqtt/bridge/health', payload '{"response_time":1768727323790,"os":{"load_average":[0,0,0],"memory_used_mb":1021.01,"memory_percent":26.8908},"process":{"uptime_sec":67815,"memory_used_mb":130.57,"memory_percent":3.4388},"mqtt":{"connected":true,"queued":0,"published":472,"received":19},"devices":{"0x180df9fffe6dc582":{"messages":21,"messages_per_sec":0.0003,"leave_count":0,"network_address_changes":0},"0x180df9fffe11030e":{"messages":25,"messages_per_sec":0.0004,"leave_count":0,"network_address_changes":0},"0x180df9fffe380cc7":{"messages":21,"messages_per_sec":0.0003,"leave_count":0,"network_address_changes":0},"0x180df9fffe384006":{"messages":19,"messages_per_sec":0.0003,"leave_count":0,"network_address_changes":0},"0x001788010c447ec6":{"messages":10,"messages_per_sec":0.0002,"leave_count":0,"network_address_changes":0}}}'
[2026-01-18 10:18:42] info: 	zh:ember: [NCP COUNTERS] 1216,471,6,3,0,0,0,0,3,3,0,0,61,0,0,0,0,0,0,0,0,0,0,0,0,0,0,0,0,0,0,0,0,0,0,0,0,0,0,0,0,0
[2026-01-18 10:18:42] info: 	zh:ember: [ASH COUNTERS] 83,17,4,13,0,0,0,0,324,13,13,0,0,0,0,0,0,0,0,0,0,0,0,0,0,0,0
[2026-01-18 10:18:43] info: 	z2m:mqtt: MQTT publish: topic 'zigbee2mqtt/bridge/health', payload '{"response_time":1768727923791,"os":{"load_average":[0,0,0],"memory_used_mb":1020.64,"memory_percent":26.881},"process":{"uptime_sec":68415,"memory_used_mb":130.57,"memory_percent":3.4388},"mqtt":{"connected":true,"queued":0,"published":476,"received":19},"devices":{"0x180df9fffe6dc582":{"messages":21,"messages_per_sec":0.0003,"leave_count":0,"network_address_changes":0},"0x180df9fffe11030e":{"messages":25,"messages_per_sec":0.0004,"leave_count":0,"network_address_changes":0},"0x180df9fffe380cc7":{"messages":21,"messages_per_sec":0.0003,"leave_count":0,"network_address_changes":0},"0x180df9fffe384006":{"messages":19,"messages_per_sec":0.0003,"leave_count":0,"network_address_changes":0},"0x001788010c447ec6":{"messages":10,"messages_per_sec":0.0002,"leave_count":0,"network_address_changes":0}}}'
[2026-01-18 10:28:43] info: 	z2m:mqtt: MQTT publish: topic 'zigbee2mqtt/bridge/health', payload '{"response_time":1768728523791,"os":{"load_average":[0,0.01,0],"memory_used_mb":1022.1,"memory_percent":26.9195},"process":{"uptime_sec":69015,"memory_used_mb":130.57,"memory_percent":3.4388},"mqtt":{"connected":true,"queued":0,"published":478,"received":19},"devices":{"0x180df9fffe6dc582":{"messages":21,"messages_per_sec":0.0003,"leave_count":0,"network_address_changes":0},"0x180df9fffe11030e":{"messages":25,"messages_per_sec":0.0004,"leave_count":0,"network_address_changes":0},"0x180df9fffe380cc7":{"messages":21,"messages_per_sec":0.0003,"leave_count":0,"network_address_changes":0},"0x180df9fffe384006":{"messages":19,"messages_per_sec":0.0003,"leave_count":0,"network_address_changes":0},"0x001788010c447ec6":{"messages":10,"messages_per_sec":0.0002,"leave_count":0,"network_address_changes":0}}}'
[2026-01-18 10:38:43] info: 	z2m:mqtt: MQTT publish: topic 'zigbee2mqtt/bridge/health', payload '{"response_time":1768729123791,"os":{"load_average":[0,0,0],"memory_used_mb":1023.21,"memory_percent":26.9488},"process":{"uptime_sec":69615,"memory_used_mb":130.57,"memory_percent":3.4388},"mqtt":{"connected":true,"queued":0,"published":480,"received":19},"devices":{"0x180df9fffe6dc582":{"messages":21,"messages_per_sec":0.0003,"leave_count":0,"network_address_changes":0},"0x180df9fffe11030e":{"messages":25,"messages_per_sec":0.0004,"leave_count":0,"network_address_changes":0},"0x180df9fffe380cc7":{"messages":21,"messages_per_sec":0.0003,"leave_count":0,"network_address_changes":0},"0x180df9fffe384006":{"messages":19,"messages_per_sec":0.0003,"leave_count":0,"network_address_changes":0},"0x001788010c447ec6":{"messages":10,"messages_per_sec":0.0002,"leave_count":0,"network_address_changes":0}}}'
[2026-01-18 10:48:43] info: 	z2m:mqtt: MQTT publish: topic 'zigbee2mqtt/bridge/health', payload '{"response_time":1768729723791,"os":{"load_average":[0,0,0],"memory_used_mb":1023.62,"memory_percent":26.9596},"process":{"uptime_sec":70215,"memory_used_mb":130.57,"memory_percent":3.4388},"mqtt":{"connected":true,"queued":0,"published":482,"received":19},"devices":{"0x180df9fffe6dc582":{"messages":21,"messages_per_sec":0.0003,"leave_count":0,"network_address_changes":0},"0x180df9fffe11030e":{"messages":25,"messages_per_sec":0.0004,"leave_count":0,"network_address_changes":0},"0x180df9fffe380cc7":{"messages":21,"messages_per_sec":0.0003,"leave_count":0,"network_address_changes":0},"0x180df9fffe384006":{"messages":19,"messages_per_sec":0.0003,"leave_count":0,"network_address_changes":0},"0x001788010c447ec6":{"messages":10,"messages_per_sec":0.0002,"leave_count":0,"network_address_changes":0}}}'
[2026-01-18 10:58:43] info: 	z2m:mqtt: MQTT publish: topic 'zigbee2mqtt/bridge/health', payload '{"response_time":1768730323792,"os":{"load_average":[0,0,0],"memory_used_mb":1024.43,"memory_percent":26.9808},"process":{"uptime_sec":70815,"memory_used_mb":130.57,"memory_percent":3.4388},"mqtt":{"connected":true,"queued":0,"published":484,"received":19},"devices":{"0x180df9fffe6dc582":{"messages":21,"messages_per_sec":0.0003,"leave_count":0,"network_address_changes":0},"0x180df9fffe11030e":{"messages":25,"messages_per_sec":0.0004,"leave_count":0,"network_address_changes":0},"0x180df9fffe380cc7":{"messages":21,"messages_per_sec":0.0003,"leave_count":0,"network_address_changes":0},"0x180df9fffe384006":{"messages":19,"messages_per_sec":0.0003,"leave_count":0,"network_address_changes":0},"0x001788010c447ec6":{"messages":10,"messages_per_sec":0.0002,"leave_count":0,"network_address_changes":0}}}'
[2026-01-18 11:08:43] info: 	z2m:mqtt: MQTT publish: topic 'zigbee2mqtt/bridge/health', payload '{"response_time":1768730923792,"os":{"load_average":[0.01,0.02,0],"memory_used_mb":1023.83,"memory_percent":26.9652},"process":{"uptime_sec":71415,"memory_used_mb":130.57,"memory_percent":3.4388},"mqtt":{"connected":true,"queued":0,"published":486,"received":19},"devices":{"0x180df9fffe6dc582":{"messages":21,"messages_per_sec":0.0003,"leave_count":0,"network_address_changes":0},"0x180df9fffe11030e":{"messages":25,"messages_per_sec":0.0004,"leave_count":0,"network_address_changes":0},"0x180df9fffe380cc7":{"messages":21,"messages_per_sec":0.0003,"leave_count":0,"network_address_changes":0},"0x180df9fffe384006":{"messages":19,"messages_per_sec":0.0003,"leave_count":0,"network_address_changes":0},"0x001788010c447ec6":{"messages":10,"messages_per_sec":0.0002,"leave_count":0,"network_address_changes":0}}}'
[2026-01-18 11:18:42] info: 	zh:ember: [NCP COUNTERS] 1224,472,0,0,0,0,0,0,0,0,0,0,61,0,0,0,0,0,0,0,0,0,0,0,0,0,0,0,0,0,0,0,0,0,0,0,0,0,0,0,0,0
[2026-01-18 11:18:42] info: 	zh:ember: [ASH COUNTERS] 5,2,1,1,0,0,0,0,87,1,1,0,0,0,0,0,0,0,0,0,0,0,0,0,0,0,0
[2026-01-18 11:18:43] info: 	z2m:mqtt: MQTT publish: topic 'zigbee2mqtt/bridge/health', payload '{"response_time":1768731523797,"os":{"load_average":[0,0,0],"memory_used_mb":1026.4,"memory_percent":27.0329},"process":{"uptime_sec":72015,"memory_used_mb":130.57,"memory_percent":3.4388},"mqtt":{"connected":true,"queued":0,"published":490,"received":19},"devices":{"0x180df9fffe6dc582":{"messages":21,"messages_per_sec":0.0003,"leave_count":0,"network_address_changes":0},"0x180df9fffe11030e":{"messages":25,"messages_per_sec":0.0003,"leave_count":0,"network_address_changes":0},"0x180df9fffe380cc7":{"messages":21,"messages_per_sec":0.0003,"leave_count":0,"network_address_changes":0},"0x180df9fffe384006":{"messages":19,"messages_per_sec":0.0003,"leave_count":0,"network_address_changes":0},"0x001788010c447ec6":{"messages":10,"messages_per_sec":0.0002,"leave_count":0,"network_address_changes":0}}}'
[2026-01-18 11:28:43] info: 	z2m:mqtt: MQTT publish: topic 'zigbee2mqtt/bridge/health', payload '{"response_time":1768732123811,"os":{"load_average":[0.01,0.01,0],"memory_used_mb":1096.38,"memory_percent":28.876},"process":{"uptime_sec":72615,"memory_used_mb":130.57,"memory_percent":3.4388},"mqtt":{"connected":true,"queued":0,"published":492,"received":19},"devices":{"0x180df9fffe6dc582":{"messages":21,"messages_per_sec":0.0003,"leave_count":0,"network_address_changes":0},"0x180df9fffe11030e":{"messages":25,"messages_per_sec":0.0003,"leave_count":0,"network_address_changes":0},"0x180df9fffe380cc7":{"messages":21,"messages_per_sec":0.0003,"leave_count":0,"network_address_changes":0},"0x180df9fffe384006":{"messages":19,"messages_per_sec":0.0003,"leave_count":0,"network_address_changes":0},"0x001788010c447ec6":{"messages":10,"messages_per_sec":0.0002,"leave_count":0,"network_address_changes":0}}}'
[2026-01-18 11:38:43] info: 	z2m:mqtt: MQTT publish: topic 'zigbee2mqtt/bridge/health', payload '{"response_time":1768732723824,"os":{"load_average":[0,0,0],"memory_used_mb":1092.5,"memory_percent":28.7738},"process":{"uptime_sec":73215,"memory_used_mb":130.47,"memory_percent":3.4363},"mqtt":{"connected":true,"queued":0,"published":494,"received":19},"devices":{"0x180df9fffe6dc582":{"messages":21,"messages_per_sec":0.0003,"leave_count":0,"network_address_changes":0},"0x180df9fffe11030e":{"messages":25,"messages_per_sec":0.0003,"leave_count":0,"network_address_changes":0},"0x180df9fffe380cc7":{"messages":21,"messages_per_sec":0.0003,"leave_count":0,"network_address_changes":0},"0x180df9fffe384006":{"messages":19,"messages_per_sec":0.0003,"leave_count":0,"network_address_changes":0},"0x001788010c447ec6":{"messages":10,"messages_per_sec":0.0002,"leave_count":0,"network_address_changes":0}}}'
[2026-01-18 11:39:36] error: 	z2m: Publish 'set' 'state' to 'ball_light' failed: 'Error: ZCL command 0x180df9fffe384006/1 genOnOff.off({}, {"timeout":10000,"disableResponse":false,"disableRecovery":false,"disableDefaultResponse":false,"direction":0,"reservedBits":0,"writeUndiv":false}) failed (Delivery failed for '42401'.)'
[2026-01-18 11:39:38] info: 	z2m:mqtt: MQTT publish: topic 'zigbee2mqtt/sofa_light', payload '{"linkquality":188,"power_on_behavior":"previous","state":"OFF","update":{"installed_version":33816580,"latest_version":33816613,"state":"available"}}'
[2026-01-18 11:39:38] info: 	z2m:mqtt: MQTT publish: topic 'zigbee2mqtt/sofa_light', payload '{"linkquality":188,"power_on_behavior":"previous","state":"OFF","update":{"installed_version":33816580,"latest_version":33816613,"state":"available"}}'
[2026-01-18 11:39:39] info: 	z2m:mqtt: MQTT publish: topic 'zigbee2mqtt/sofa_light', payload '{"linkquality":188,"power_on_behavior":"previous","state":"ON","update":{"installed_version":33816580,"latest_version":33816613,"state":"available"}}'
[2026-01-18 11:39:39] info: 	z2m:mqtt: MQTT publish: topic 'zigbee2mqtt/sofa_light', payload '{"linkquality":184,"power_on_behavior":"previous","state":"ON","update":{"installed_version":33816580,"latest_version":33816613,"state":"available"}}'
[2026-01-18 11:39:40] info: 	z2m:mqtt: MQTT publish: topic 'zigbee2mqtt/sofa_light', payload '{"linkquality":184,"power_on_behavior":"previous","state":"OFF","update":{"installed_version":33816580,"latest_version":33816613,"state":"available"}}'
[2026-01-18 11:39:40] info: 	z2m:mqtt: MQTT publish: topic 'zigbee2mqtt/sofa_light', payload '{"linkquality":188,"power_on_behavior":"previous","state":"OFF","update":{"installed_version":33816580,"latest_version":33816613,"state":"available"}}'
[2026-01-18 11:39:41] error: 	z2m: Publish 'set' 'state' to 'ball_light' failed: 'Error: ZCL command 0x180df9fffe384006/1 genOnOff.on({}, {"timeout":10000,"disableResponse":false,"disableRecovery":false,"disableDefaultResponse":false,"direction":0,"reservedBits":0,"writeUndiv":false}) failed (Delivery failed for '42401'.)'
[2026-01-18 11:39:41] info: 	z2m:mqtt: MQTT publish: topic 'zigbee2mqtt/sofa_light', payload '{"linkquality":184,"power_on_behavior":"previous","state":"ON","update":{"installed_version":33816580,"latest_version":33816613,"state":"available"}}'
[2026-01-18 11:39:41] info: 	z2m:mqtt: MQTT publish: topic 'zigbee2mqtt/sofa_light', payload '{"linkquality":180,"power_on_behavior":"previous","state":"ON","update":{"installed_version":33816580,"latest_version":33816613,"state":"available"}}'
[2026-01-18 11:39:42] info: 	z2m:mqtt: MQTT publish: topic 'zigbee2mqtt/sofa_light', payload '{"linkquality":188,"power_on_behavior":"previous","state":"OFF","update":{"installed_version":33816580,"latest_version":33816613,"state":"available"}}'
[2026-01-18 11:39:42] info: 	z2m:mqtt: MQTT publish: topic 'zigbee2mqtt/sofa_light', payload '{"linkquality":188,"power_on_behavior":"previous","state":"OFF","update":{"installed_version":33816580,"latest_version":33816613,"state":"available"}}'
[2026-01-18 11:39:42] info: 	z2m:mqtt: MQTT publish: topic 'zigbee2mqtt/sofa_light', payload '{"linkquality":188,"power_on_behavior":"previous","state":"ON","update":{"installed_version":33816580,"latest_version":33816613,"state":"available"}}'
[2026-01-18 11:39:42] info: 	z2m:mqtt: MQTT publish: topic 'zigbee2mqtt/sofa_light', payload '{"linkquality":188,"power_on_behavior":"previous","state":"ON","update":{"installed_version":33816580,"latest_version":33816613,"state":"available"}}'
[2026-01-18 11:39:42] info: 	z2m:mqtt: MQTT publish: topic 'zigbee2mqtt/sofa_light', payload '{"linkquality":188,"power_on_behavior":"previous","state":"OFF","update":{"installed_version":33816580,"latest_version":33816613,"state":"available"}}'
[2026-01-18 11:39:42] info: 	z2m:mqtt: MQTT publish: topic 'zigbee2mqtt/sofa_light', payload '{"linkquality":188,"power_on_behavior":"previous","state":"OFF","update":{"installed_version":33816580,"latest_version":33816613,"state":"available"}}'
[2026-01-18 11:39:43] info: 	z2m:mqtt: MQTT publish: topic 'zigbee2mqtt/sofa_light', payload '{"linkquality":188,"power_on_behavior":"previous","state":"ON","update":{"installed_version":33816580,"latest_version":33816613,"state":"available"}}'
[2026-01-18 11:39:43] info: 	z2m:mqtt: MQTT publish: topic 'zigbee2mqtt/sofa_light', payload '{"linkquality":184,"power_on_behavior":"previous","state":"ON","update":{"installed_version":33816580,"latest_version":33816613,"state":"available"}}'
[2026-01-18 11:39:43] info: 	z2m:mqtt: MQTT publish: topic 'zigbee2mqtt/sofa_light', payload '{"linkquality":184,"power_on_behavior":"previous","state":"OFF","update":{"installed_version":33816580,"latest_version":33816613,"state":"available"}}'
[2026-01-18 11:39:43] info: 	z2m:mqtt: MQTT publish: topic 'zigbee2mqtt/sofa_light', payload '{"linkquality":188,"power_on_behavior":"previous","state":"OFF","update":{"installed_version":33816580,"latest_version":33816613,"state":"available"}}'
[2026-01-18 11:39:43] info: 	z2m:mqtt: MQTT publish: topic 'zigbee2mqtt/sofa_light', payload '{"linkquality":188,"power_on_behavior":"previous","state":"ON","update":{"installed_version":33816580,"latest_version":33816613,"state":"available"}}'
[2026-01-18 11:39:43] info: 	z2m:mqtt: MQTT publish: topic 'zigbee2mqtt/sofa_light', payload '{"linkquality":184,"power_on_behavior":"previous","state":"ON","update":{"installed_version":33816580,"latest_version":33816613,"state":"available"}}'
[2026-01-18 11:39:43] info: 	z2m:mqtt: MQTT publish: topic 'zigbee2mqtt/sofa_light', payload '{"linkquality":188,"power_on_behavior":"previous","state":"OFF","update":{"installed_version":33816580,"latest_version":33816613,"state":"available"}}'
[2026-01-18 11:39:43] info: 	z2m:mqtt: MQTT publish: topic 'zigbee2mqtt/sofa_light', payload '{"linkquality":192,"power_on_behavior":"previous","state":"OFF","update":{"installed_version":33816580,"latest_version":33816613,"state":"available"}}'
[2026-01-18 11:39:44] info: 	z2m:mqtt: MQTT publish: topic 'zigbee2mqtt/sofa_light', payload '{"linkquality":188,"power_on_behavior":"previous","state":"ON","update":{"installed_version":33816580,"latest_version":33816613,"state":"available"}}'
[2026-01-18 11:39:44] info: 	z2m:mqtt: MQTT publish: topic 'zigbee2mqtt/sofa_light', payload '{"linkquality":184,"power_on_behavior":"previous","state":"ON","update":{"installed_version":33816580,"latest_version":33816613,"state":"available"}}'
[2026-01-18 11:39:44] info: 	z2m:mqtt: MQTT publish: topic 'zigbee2mqtt/sofa_light', payload '{"linkquality":184,"power_on_behavior":"previous","state":"OFF","update":{"installed_version":33816580,"latest_version":33816613,"state":"available"}}'
[2026-01-18 11:39:44] info: 	z2m:mqtt: MQTT publish: topic 'zigbee2mqtt/sofa_light', payload '{"linkquality":188,"power_on_behavior":"previous","state":"OFF","update":{"installed_version":33816580,"latest_version":33816613,"state":"available"}}'
[2026-01-18 11:39:45] info: 	z2m:mqtt: MQTT publish: topic 'zigbee2mqtt/sofa_light', payload '{"linkquality":188,"power_on_behavior":"previous","state":"ON","update":{"installed_version":33816580,"latest_version":33816613,"state":"available"}}'
[2026-01-18 11:39:45] info: 	z2m:mqtt: MQTT publish: topic 'zigbee2mqtt/sofa_light', payload '{"linkquality":184,"power_on_behavior":"previous","state":"ON","update":{"installed_version":33816580,"latest_version":33816613,"state":"available"}}'
[2026-01-18 11:39:58] info: 	z2m:mqtt: MQTT publish: topic 'zigbee2mqtt/bridge/event', payload '{"data":{"friendly_name":"hue_bedroom3","ieee_address":"0x001788010c447ec6"},"type":"device_announce"}'
[2026-01-18 11:40:00] info: 	z2m:mqtt: MQTT publish: topic 'zigbee2mqtt/hue_bedroom3', payload '{"linkquality":156,"state":"ON","update":{"installed_version":16787202,"latest_version":16787202,"state":"idle"}}'
[2026-01-18 11:48:21] info: 	z2m:mqtt: MQTT publish: topic 'zigbee2mqtt/hue_bedroom3', payload '{"brightness":254,"linkquality":180,"state":"ON","update":{"installed_version":16787202,"latest_version":16787202,"state":"idle"}}'
[2026-01-18 11:48:43] info: 	z2m:mqtt: MQTT publish: topic 'zigbee2mqtt/bridge/health', payload '{"response_time":1768733323832,"os":{"load_average":[2.25,1.74,0.95],"memory_used_mb":1094.17,"memory_percent":28.8177},"process":{"uptime_sec":73815,"memory_used_mb":136.61,"memory_percent":3.5979},"mqtt":{"connected":true,"queued":0,"published":557,"received":35},"devices":{"0x180df9fffe6dc582":{"messages":21,"messages_per_sec":0.0003,"leave_count":0,"network_address_changes":0},"0x180df9fffe11030e":{"messages":25,"messages_per_sec":0.0003,"leave_count":0,"network_address_changes":0},"0x180df9fffe380cc7":{"messages":49,"messages_per_sec":0.0007,"leave_count":0,"network_address_changes":0},"0x180df9fffe384006":{"messages":19,"messages_per_sec":0.0003,"leave_count":0,"network_address_changes":0},"0x001788010c447ec6":{"messages":23,"messages_per_sec":0.0003,"leave_count":0,"network_address_changes":0}}}'
[2026-01-18 11:49:27] info: 	z2m:mqtt: MQTT publish: topic 'zigbee2mqtt/hue_bedroom3', payload '{"brightness":254,"linkquality":172,"state":"OFF","update":{"installed_version":16787202,"latest_version":16787202,"state":"idle"}}'
[2026-01-18 11:49:28] info: 	z2m:mqtt: MQTT publish: topic 'zigbee2mqtt/hue_bedroom3', payload '{"brightness":254,"linkquality":172,"state":"ON","update":{"installed_version":16787202,"latest_version":16787202,"state":"idle"}}'
[2026-01-18 11:49:44] info: 	z2m: Zigbee: allowing new devices to join.
[2026-01-18 11:49:44] info: 	zh:ember: [STACK STATUS] Network opened.
[2026-01-18 11:49:44] info: 	z2m:mqtt: MQTT publish: topic 'zigbee2mqtt/bridge/response/permit_join', payload '{"data":{"time":254},"status":"ok","transaction":"e7nae-6"}'
[2026-01-18 11:49:55] info: 	zh:controller: Interview for '0x001788010c447ff2' started
[2026-01-18 11:49:55] info: 	z2m: Device '0x001788010c447ff2' joined
[2026-01-18 11:49:55] info: 	z2m: Starting interview of '0x001788010c447ff2'
[2026-01-18 11:49:55] info: 	z2m:mqtt: MQTT publish: topic 'zigbee2mqtt/bridge/event', payload '{"data":{"friendly_name":"0x001788010c447ff2","ieee_address":"0x001788010c447ff2"},"type":"device_joined"}'
[2026-01-18 11:49:55] info: 	z2m:mqtt: MQTT publish: topic 'zigbee2mqtt/bridge/event', payload '{"data":{"friendly_name":"0x001788010c447ff2","ieee_address":"0x001788010c447ff2","status":"started"},"type":"device_interview"}'
[2026-01-18 11:49:55] info: 	z2m:mqtt: MQTT publish: topic 'zigbee2mqtt/bridge/event', payload '{"data":{"friendly_name":"0x001788010c447ff2","ieee_address":"0x001788010c447ff2"},"type":"device_announce"}'
[2026-01-18 11:49:56] info: 	zh:controller: Succesfully interviewed '0x001788010c447ff2'
[2026-01-18 11:49:56] info: 	z2m: Successfully interviewed '0x001788010c447ff2', device has successfully been paired
[2026-01-18 11:49:56] info: 	z2m: Device '0x001788010c447ff2' is supported, identified as: Philips Hue white ambiance GU10 with Bluetooth (929001953301)
[2026-01-18 11:49:56] info: 	z2m: Configuring '0x001788010c447ff2'
[2026-01-18 11:49:56] info: 	z2m:mqtt: MQTT publish: topic 'zigbee2mqtt/bridge/event', payload '{"data":{"definition":{"description":"Hue white ambiance GU10 with Bluetooth","exposes":[{"features":[{"access":7,"description":"On/off state of this light","label":"State","name":"state","property":"state","type":"binary","value_off":"OFF","value_on":"ON","value_toggle":"TOGGLE"},{"access":7,"description":"Brightness of this light","label":"Brightness","name":"brightness","property":"brightness","type":"numeric","value_max":254,"value_min":0},{"access":7,"description":"Color temperature of this light","label":"Color temp","name":"color_temp","presets":[{"description":"Coolest temperature supported","name":"coolest","value":153},{"description":"Cool temperature (250 mireds / 4000 Kelvin)","name":"cool","value":250},{"description":"Neutral temperature (370 mireds / 2700 Kelvin)","name":"neutral","value":370},{"description":"Warm temperature (454 mireds / 2200 Kelvin)","name":"warm","value":454},{"description":"Warmest temperature supported","name":"warmest","value":454}],"property":"color_temp","type":"numeric","unit":"mired","value_max":454,"value_min":153},{"access":7,"description":"Color temperature after cold power on of this light","label":"Color temp startup","name":"color_temp_startup","presets":[{"description":"Coolest temperature supported","name":"coolest","value":153},{"description":"Cool temperature (250 mireds / 4000 Kelvin)","name":"cool","value":250},{"description":"Neutral temperature (370 mireds / 2700 Kelvin)","name":"neutral","value":370},{"description":"Warm temperature (454 mireds / 2200 Kelvin)","name":"warm","value":454},{"description":"Warmest temperature supported","name":"warmest","value":454},{"description":"Restore previous color_temp on cold power on","name":"previous","value":65535}],"property":"color_temp_startup","type":"numeric","unit":"mired","value_max":454,"value_min":153}],"type":"light"},{"access":7,"category":"config","description":"Controls the behavior when the device is powered on after power loss","label":"Power-on behavior","name":"power_on_behavior","property":"power_on_behavior","type":"enum","values":["off","on","toggle","previous"]},{"access":2,"label":"Effect","name":"effect","property":"effect","type":"enum","values":["blink","breathe","okay","channel_change","candle","finish_effect","stop_effect","stop_hue_effect"]},{"access":1,"category":"diagnostic","description":"Link quality (signal strength)","label":"Linkquality","name":"linkquality","property":"linkquality","type":"numeric","unit":"lqi","value_max":255,"value_min":0}],"model":"929001953301","options":[{"access":2,"description":"Controls the transition time (in seconds) of on/off, brightness, color temperature (if applicable) and color (if applicable) changes. Defaults to `0` (no transition).","label":"Transition","name":"transition","property":"transition","type":"numeric","value_min":0,"value_step":0.1},{"access":2,"description":"When enabled colors will be synced, e.g. if the light supports both color x/y and color temperature a conversion from color x/y to color temperature will be done when setting the x/y color (default true).","label":"Color sync","name":"color_sync","property":"color_sync","type":"binary","value_off":false,"value_on":true},{"access":2,"description":"State actions will also be published as 'action' when true (default false).","label":"State action","name":"state_action","property":"state_action","type":"binary","value_off":false,"value_on":true}],"source":"native","supports_ota":true,"vendor":"Philips"},"friendly_name":"0x001788010c447ff2","ieee_address":"0x001788010c447ff2","status":"successful","supported":true},"type":"device_interview"}'
[2026-01-18 11:49:56] info: 	z2m: Successfully configured '0x001788010c447ff2'
[2026-01-18 11:50:00] info: 	z2m:mqtt: MQTT publish: topic 'zigbee2mqtt/0x001788010c447ff2', payload '{"linkquality":208,"state":"ON"}'
[2026-01-18 11:50:01] info: 	z2m:mqtt: MQTT publish: topic 'zigbee2mqtt/0x001788010c447ff2', payload '{"linkquality":208,"state":"OFF"}'
[2026-01-18 11:50:02] info: 	z2m:mqtt: MQTT publish: topic 'zigbee2mqtt/0x001788010c447ff2', payload '{"linkquality":208,"state":"ON"}'
[2026-01-18 11:50:22] info: 	z2m:mqtt: MQTT publish: topic 'zigbee2mqtt/0x001788010c447ff2', payload ''
[2026-01-18 11:50:22] info: 	z2m:mqtt: MQTT publish: topic 'zigbee2mqtt/hue_bedroom2', payload '{"linkquality":208,"state":"ON"}'
[2026-01-18 11:50:22] info: 	z2m:mqtt: MQTT publish: topic 'zigbee2mqtt/bridge/response/device/rename', payload '{"data":{"from":"0x001788010c447ff2","homeassistant_rename":false,"to":"hue_bedroom2"},"status":"ok","transaction":"e7nae-7"}'
[2026-01-18 11:50:44] info: 	zh:controller: Interview for '0x001788010cf32580' started
[2026-01-18 11:50:44] info: 	z2m: Device '0x001788010cf32580' joined
[2026-01-18 11:50:44] info: 	z2m: Starting interview of '0x001788010cf32580'
[2026-01-18 11:50:44] info: 	z2m:mqtt: MQTT publish: topic 'zigbee2mqtt/bridge/event', payload '{"data":{"friendly_name":"0x001788010cf32580","ieee_address":"0x001788010cf32580"},"type":"device_joined"}'
[2026-01-18 11:50:44] info: 	z2m:mqtt: MQTT publish: topic 'zigbee2mqtt/bridge/event', payload '{"data":{"friendly_name":"0x001788010cf32580","ieee_address":"0x001788010cf32580","status":"started"},"type":"device_interview"}'
[2026-01-18 11:50:44] info: 	z2m:mqtt: MQTT publish: topic 'zigbee2mqtt/bridge/event', payload '{"data":{"friendly_name":"0x001788010cf32580","ieee_address":"0x001788010cf32580"},"type":"device_announce"}'
[2026-01-18 11:50:46] info: 	zh:controller: Succesfully interviewed '0x001788010cf32580'
[2026-01-18 11:50:46] info: 	z2m: Successfully interviewed '0x001788010cf32580', device has successfully been paired
[2026-01-18 11:50:46] info: 	z2m: Device '0x001788010cf32580' is supported, identified as: Philips Hue white ambiance GU10 with Bluetooth (929001953301)
[2026-01-18 11:50:46] info: 	z2m: Configuring '0x001788010cf32580'
[2026-01-18 11:50:46] info: 	z2m:mqtt: MQTT publish: topic 'zigbee2mqtt/bridge/event', payload '{"data":{"definition":{"description":"Hue white ambiance GU10 with Bluetooth","exposes":[{"features":[{"access":7,"description":"On/off state of this light","label":"State","name":"state","property":"state","type":"binary","value_off":"OFF","value_on":"ON","value_toggle":"TOGGLE"},{"access":7,"description":"Brightness of this light","label":"Brightness","name":"brightness","property":"brightness","type":"numeric","value_max":254,"value_min":0},{"access":7,"description":"Color temperature of this light","label":"Color temp","name":"color_temp","presets":[{"description":"Coolest temperature supported","name":"coolest","value":153},{"description":"Cool temperature (250 mireds / 4000 Kelvin)","name":"cool","value":250},{"description":"Neutral temperature (370 mireds / 2700 Kelvin)","name":"neutral","value":370},{"description":"Warm temperature (454 mireds / 2200 Kelvin)","name":"warm","value":454},{"description":"Warmest temperature supported","name":"warmest","value":454}],"property":"color_temp","type":"numeric","unit":"mired","value_max":454,"value_min":153},{"access":7,"description":"Color temperature after cold power on of this light","label":"Color temp startup","name":"color_temp_startup","presets":[{"description":"Coolest temperature supported","name":"coolest","value":153},{"description":"Cool temperature (250 mireds / 4000 Kelvin)","name":"cool","value":250},{"description":"Neutral temperature (370 mireds / 2700 Kelvin)","name":"neutral","value":370},{"description":"Warm temperature (454 mireds / 2200 Kelvin)","name":"warm","value":454},{"description":"Warmest temperature supported","name":"warmest","value":454},{"description":"Restore previous color_temp on cold power on","name":"previous","value":65535}],"property":"color_temp_startup","type":"numeric","unit":"mired","value_max":454,"value_min":153}],"type":"light"},{"access":7,"category":"config","description":"Controls the behavior when the device is powered on after power loss","label":"Power-on behavior","name":"power_on_behavior","property":"power_on_behavior","type":"enum","values":["off","on","toggle","previous"]},{"access":2,"label":"Effect","name":"effect","property":"effect","type":"enum","values":["blink","breathe","okay","channel_change","candle","finish_effect","stop_effect","stop_hue_effect"]},{"access":1,"category":"diagnostic","description":"Link quality (signal strength)","label":"Linkquality","name":"linkquality","property":"linkquality","type":"numeric","unit":"lqi","value_max":255,"value_min":0}],"model":"929001953301","options":[{"access":2,"description":"Controls the transition time (in seconds) of on/off, brightness, color temperature (if applicable) and color (if applicable) changes. Defaults to `0` (no transition).","label":"Transition","name":"transition","property":"transition","type":"numeric","value_min":0,"value_step":0.1},{"access":2,"description":"When enabled colors will be synced, e.g. if the light supports both color x/y and color temperature a conversion from color x/y to color temperature will be done when setting the x/y color (default true).","label":"Color sync","name":"color_sync","property":"color_sync","type":"binary","value_off":false,"value_on":true},{"access":2,"description":"State actions will also be published as 'action' when true (default false).","label":"State action","name":"state_action","property":"state_action","type":"binary","value_off":false,"value_on":true}],"source":"native","supports_ota":true,"vendor":"Philips"},"friendly_name":"0x001788010cf32580","ieee_address":"0x001788010cf32580","status":"successful","supported":true},"type":"device_interview"}'
[2026-01-18 11:50:46] info: 	z2m: Successfully configured '0x001788010cf32580'
[2026-01-18 11:50:50] info: 	z2m:mqtt: MQTT publish: topic 'zigbee2mqtt/0x001788010cf32580', payload '{"linkquality":176,"state":"ON"}'
[2026-01-18 11:50:52] info: 	z2m:mqtt: MQTT publish: topic 'zigbee2mqtt/0x001788010cf32580', payload '{"linkquality":172,"state":"OFF"}'
[2026-01-18 11:50:52] info: 	z2m:mqtt: MQTT publish: topic 'zigbee2mqtt/0x001788010cf32580', payload '{"linkquality":176,"state":"ON"}'
[2026-01-18 11:51:10] info: 	z2m:mqtt: MQTT publish: topic 'zigbee2mqtt/0x001788010cf32580', payload ''
[2026-01-18 11:51:10] info: 	z2m:mqtt: MQTT publish: topic 'zigbee2mqtt/hue_bedroom1', payload '{"linkquality":176,"state":"ON"}'
[2026-01-18 11:51:10] info: 	z2m:mqtt: MQTT publish: topic 'zigbee2mqtt/bridge/response/device/rename', payload '{"data":{"from":"0x001788010cf32580","homeassistant_rename":false,"to":"hue_bedroom1"},"status":"ok","transaction":"e7nae-8"}'
[2026-01-18 11:51:44] info: 	zh:controller: Interview for '0x001788010c447da7' started
[2026-01-18 11:51:44] info: 	z2m: Device '0x001788010c447da7' joined
[2026-01-18 11:51:44] info: 	z2m: Starting interview of '0x001788010c447da7'
[2026-01-18 11:51:44] info: 	z2m:mqtt: MQTT publish: topic 'zigbee2mqtt/bridge/event', payload '{"data":{"friendly_name":"0x001788010c447da7","ieee_address":"0x001788010c447da7"},"type":"device_joined"}'
[2026-01-18 11:51:44] info: 	z2m:mqtt: MQTT publish: topic 'zigbee2mqtt/bridge/event', payload '{"data":{"friendly_name":"0x001788010c447da7","ieee_address":"0x001788010c447da7","status":"started"},"type":"device_interview"}'
[2026-01-18 11:51:44] info: 	z2m:mqtt: MQTT publish: topic 'zigbee2mqtt/bridge/event', payload '{"data":{"friendly_name":"0x001788010c447da7","ieee_address":"0x001788010c447da7"},"type":"device_announce"}'
[2026-01-18 11:51:46] info: 	zh:controller: Succesfully interviewed '0x001788010c447da7'
[2026-01-18 11:51:46] info: 	z2m: Successfully interviewed '0x001788010c447da7', device has successfully been paired
[2026-01-18 11:51:46] info: 	z2m: Device '0x001788010c447da7' is supported, identified as: Philips Hue white ambiance GU10 with Bluetooth (929001953301)
[2026-01-18 11:51:46] info: 	z2m: Configuring '0x001788010c447da7'
[2026-01-18 11:51:46] info: 	z2m:mqtt: MQTT publish: topic 'zigbee2mqtt/bridge/event', payload '{"data":{"definition":{"description":"Hue white ambiance GU10 with Bluetooth","exposes":[{"features":[{"access":7,"description":"On/off state of this light","label":"State","name":"state","property":"state","type":"binary","value_off":"OFF","value_on":"ON","value_toggle":"TOGGLE"},{"access":7,"description":"Brightness of this light","label":"Brightness","name":"brightness","property":"brightness","type":"numeric","value_max":254,"value_min":0},{"access":7,"description":"Color temperature of this light","label":"Color temp","name":"color_temp","presets":[{"description":"Coolest temperature supported","name":"coolest","value":153},{"description":"Cool temperature (250 mireds / 4000 Kelvin)","name":"cool","value":250},{"description":"Neutral temperature (370 mireds / 2700 Kelvin)","name":"neutral","value":370},{"description":"Warm temperature (454 mireds / 2200 Kelvin)","name":"warm","value":454},{"description":"Warmest temperature supported","name":"warmest","value":454}],"property":"color_temp","type":"numeric","unit":"mired","value_max":454,"value_min":153},{"access":7,"description":"Color temperature after cold power on of this light","label":"Color temp startup","name":"color_temp_startup","presets":[{"description":"Coolest temperature supported","name":"coolest","value":153},{"description":"Cool temperature (250 mireds / 4000 Kelvin)","name":"cool","value":250},{"description":"Neutral temperature (370 mireds / 2700 Kelvin)","name":"neutral","value":370},{"description":"Warm temperature (454 mireds / 2200 Kelvin)","name":"warm","value":454},{"description":"Warmest temperature supported","name":"warmest","value":454},{"description":"Restore previous color_temp on cold power on","name":"previous","value":65535}],"property":"color_temp_startup","type":"numeric","unit":"mired","value_max":454,"value_min":153}],"type":"light"},{"access":7,"category":"config","description":"Controls the behavior when the device is powered on after power loss","label":"Power-on behavior","name":"power_on_behavior","property":"power_on_behavior","type":"enum","values":["off","on","toggle","previous"]},{"access":2,"label":"Effect","name":"effect","property":"effect","type":"enum","values":["blink","breathe","okay","channel_change","candle","finish_effect","stop_effect","stop_hue_effect"]},{"access":1,"category":"diagnostic","description":"Link quality (signal strength)","label":"Linkquality","name":"linkquality","property":"linkquality","type":"numeric","unit":"lqi","value_max":255,"value_min":0}],"model":"929001953301","options":[{"access":2,"description":"Controls the transition time (in seconds) of on/off, brightness, color temperature (if applicable) and color (if applicable) changes. Defaults to `0` (no transition).","label":"Transition","name":"transition","property":"transition","type":"numeric","value_min":0,"value_step":0.1},{"access":2,"description":"When enabled colors will be synced, e.g. if the light supports both color x/y and color temperature a conversion from color x/y to color temperature will be done when setting the x/y color (default true).","label":"Color sync","name":"color_sync","property":"color_sync","type":"binary","value_off":false,"value_on":true},{"access":2,"description":"State actions will also be published as 'action' when true (default false).","label":"State action","name":"state_action","property":"state_action","type":"binary","value_off":false,"value_on":true}],"source":"native","supports_ota":true,"vendor":"Philips"},"friendly_name":"0x001788010c447da7","ieee_address":"0x001788010c447da7","status":"successful","supported":true},"type":"device_interview"}'
[2026-01-18 11:51:46] info: 	z2m: Successfully configured '0x001788010c447da7'
[2026-01-18 11:51:49] info: 	z2m:mqtt: MQTT publish: topic 'zigbee2mqtt/0x001788010c447da7', payload '{"linkquality":120,"state":"ON"}'
[2026-01-18 11:51:50] info: 	z2m:mqtt: MQTT publish: topic 'zigbee2mqtt/0x001788010c447da7', payload '{"linkquality":124,"state":"OFF"}'
[2026-01-18 11:51:51] info: 	z2m:mqtt: MQTT publish: topic 'zigbee2mqtt/0x001788010c447da7', payload '{"linkquality":120,"state":"ON"}'
[2026-01-18 11:52:05] info: 	z2m:mqtt: MQTT publish: topic 'zigbee2mqtt/0x001788010c447da7', payload ''
[2026-01-18 11:52:05] info: 	z2m:mqtt: MQTT publish: topic 'zigbee2mqtt/hue_livingroom1', payload '{"linkquality":120,"state":"ON"}'
[2026-01-18 11:52:05] info: 	z2m:mqtt: MQTT publish: topic 'zigbee2mqtt/bridge/response/device/rename', payload '{"data":{"from":"0x001788010c447da7","homeassistant_rename":false,"to":"hue_livingroom1"},"status":"ok","transaction":"e7nae-9"}'
[2026-01-18 11:52:19] info: 	zh:controller: Interview for '0x001788010c4aba37' started
[2026-01-18 11:52:19] info: 	z2m: Device '0x001788010c4aba37' joined
[2026-01-18 11:52:19] info: 	z2m: Starting interview of '0x001788010c4aba37'
[2026-01-18 11:52:19] info: 	z2m:mqtt: MQTT publish: topic 'zigbee2mqtt/bridge/event', payload '{"data":{"friendly_name":"0x001788010c4aba37","ieee_address":"0x001788010c4aba37"},"type":"device_joined"}'
[2026-01-18 11:52:19] info: 	z2m:mqtt: MQTT publish: topic 'zigbee2mqtt/bridge/event', payload '{"data":{"friendly_name":"0x001788010c4aba37","ieee_address":"0x001788010c4aba37","status":"started"},"type":"device_interview"}'
[2026-01-18 11:52:19] info: 	z2m:mqtt: MQTT publish: topic 'zigbee2mqtt/bridge/event', payload '{"data":{"friendly_name":"0x001788010c4aba37","ieee_address":"0x001788010c4aba37"},"type":"device_announce"}'
[2026-01-18 11:52:21] info: 	zh:controller: Succesfully interviewed '0x001788010c4aba37'
[2026-01-18 11:52:21] info: 	z2m: Successfully interviewed '0x001788010c4aba37', device has successfully been paired
[2026-01-18 11:52:21] info: 	z2m: Device '0x001788010c4aba37' is supported, identified as: Philips Hue white ambiance GU10 with Bluetooth (929001953301)
[2026-01-18 11:52:21] info: 	z2m: Configuring '0x001788010c4aba37'
[2026-01-18 11:52:21] info: 	z2m:mqtt: MQTT publish: topic 'zigbee2mqtt/bridge/event', payload '{"data":{"definition":{"description":"Hue white ambiance GU10 with Bluetooth","exposes":[{"features":[{"access":7,"description":"On/off state of this light","label":"State","name":"state","property":"state","type":"binary","value_off":"OFF","value_on":"ON","value_toggle":"TOGGLE"},{"access":7,"description":"Brightness of this light","label":"Brightness","name":"brightness","property":"brightness","type":"numeric","value_max":254,"value_min":0},{"access":7,"description":"Color temperature of this light","label":"Color temp","name":"color_temp","presets":[{"description":"Coolest temperature supported","name":"coolest","value":153},{"description":"Cool temperature (250 mireds / 4000 Kelvin)","name":"cool","value":250},{"description":"Neutral temperature (370 mireds / 2700 Kelvin)","name":"neutral","value":370},{"description":"Warm temperature (454 mireds / 2200 Kelvin)","name":"warm","value":454},{"description":"Warmest temperature supported","name":"warmest","value":454}],"property":"color_temp","type":"numeric","unit":"mired","value_max":454,"value_min":153},{"access":7,"description":"Color temperature after cold power on of this light","label":"Color temp startup","name":"color_temp_startup","presets":[{"description":"Coolest temperature supported","name":"coolest","value":153},{"description":"Cool temperature (250 mireds / 4000 Kelvin)","name":"cool","value":250},{"description":"Neutral temperature (370 mireds / 2700 Kelvin)","name":"neutral","value":370},{"description":"Warm temperature (454 mireds / 2200 Kelvin)","name":"warm","value":454},{"description":"Warmest temperature supported","name":"warmest","value":454},{"description":"Restore previous color_temp on cold power on","name":"previous","value":65535}],"property":"color_temp_startup","type":"numeric","unit":"mired","value_max":454,"value_min":153}],"type":"light"},{"access":7,"category":"config","description":"Controls the behavior when the device is powered on after power loss","label":"Power-on behavior","name":"power_on_behavior","property":"power_on_behavior","type":"enum","values":["off","on","toggle","previous"]},{"access":2,"label":"Effect","name":"effect","property":"effect","type":"enum","values":["blink","breathe","okay","channel_change","candle","finish_effect","stop_effect","stop_hue_effect"]},{"access":1,"category":"diagnostic","description":"Link quality (signal strength)","label":"Linkquality","name":"linkquality","property":"linkquality","type":"numeric","unit":"lqi","value_max":255,"value_min":0}],"model":"929001953301","options":[{"access":2,"description":"Controls the transition time (in seconds) of on/off, brightness, color temperature (if applicable) and color (if applicable) changes. Defaults to `0` (no transition).","label":"Transition","name":"transition","property":"transition","type":"numeric","value_min":0,"value_step":0.1},{"access":2,"description":"When enabled colors will be synced, e.g. if the light supports both color x/y and color temperature a conversion from color x/y to color temperature will be done when setting the x/y color (default true).","label":"Color sync","name":"color_sync","property":"color_sync","type":"binary","value_off":false,"value_on":true},{"access":2,"description":"State actions will also be published as 'action' when true (default false).","label":"State action","name":"state_action","property":"state_action","type":"binary","value_off":false,"value_on":true}],"source":"native","supports_ota":true,"vendor":"Philips"},"friendly_name":"0x001788010c4aba37","ieee_address":"0x001788010c4aba37","status":"successful","supported":true},"type":"device_interview"}'
[2026-01-18 11:52:21] info: 	z2m: Successfully configured '0x001788010c4aba37'
[2026-01-18 11:52:37] info: 	z2m:mqtt: MQTT publish: topic 'zigbee2mqtt/0x001788010c4aba37', payload '{"linkquality":180,"state":"ON"}'
[2026-01-18 11:52:38] info: 	z2m:mqtt: MQTT publish: topic 'zigbee2mqtt/0x001788010c4aba37', payload '{"linkquality":172,"state":"OFF"}'
[2026-01-18 11:52:39] info: 	z2m:mqtt: MQTT publish: topic 'zigbee2mqtt/0x001788010c4aba37', payload '{"linkquality":172,"state":"ON"}'
[2026-01-18 11:52:57] info: 	z2m:mqtt: MQTT publish: topic 'zigbee2mqtt/0x001788010c4aba37', payload ''
[2026-01-18 11:52:57] info: 	z2m:mqtt: MQTT publish: topic 'zigbee2mqtt/hue_livingroom2', payload '{"linkquality":172,"state":"ON"}'
[2026-01-18 11:52:57] info: 	z2m:mqtt: MQTT publish: topic 'zigbee2mqtt/bridge/response/device/rename', payload '{"data":{"from":"0x001788010c4aba37","homeassistant_rename":false,"to":"hue_livingroom2"},"status":"ok","transaction":"e7nae-10"}'
[2026-01-18 11:53:06] info: 	z2m:mqtt: MQTT publish: topic 'zigbee2mqtt/hue_bedroom1', payload '{"linkquality":188,"state":"OFF"}'
[2026-01-18 11:53:06] info: 	z2m:mqtt: MQTT publish: topic 'zigbee2mqtt/hue_bedroom1', payload '{"linkquality":192,"state":"ON"}'
[2026-01-18 11:53:24] info: 	zh:controller: Interview for '0x001788010ceebf8f' started
[2026-01-18 11:53:24] info: 	z2m: Device '0x001788010ceebf8f' joined
[2026-01-18 11:53:24] info: 	z2m: Starting interview of '0x001788010ceebf8f'
[2026-01-18 11:53:24] info: 	z2m:mqtt: MQTT publish: topic 'zigbee2mqtt/bridge/event', payload '{"data":{"friendly_name":"0x001788010ceebf8f","ieee_address":"0x001788010ceebf8f"},"type":"device_joined"}'
[2026-01-18 11:53:24] info: 	z2m:mqtt: MQTT publish: topic 'zigbee2mqtt/bridge/event', payload '{"data":{"friendly_name":"0x001788010ceebf8f","ieee_address":"0x001788010ceebf8f","status":"started"},"type":"device_interview"}'
[2026-01-18 11:53:24] info: 	z2m:mqtt: MQTT publish: topic 'zigbee2mqtt/bridge/event', payload '{"data":{"friendly_name":"0x001788010ceebf8f","ieee_address":"0x001788010ceebf8f"},"type":"device_announce"}'
[2026-01-18 11:53:24] info: 	zh:controller: Succesfully interviewed '0x001788010ceebf8f'
[2026-01-18 11:53:24] info: 	z2m: Successfully interviewed '0x001788010ceebf8f', device has successfully been paired
[2026-01-18 11:53:24] info: 	z2m: Device '0x001788010ceebf8f' is supported, identified as: Philips Hue white ambiance GU10 with Bluetooth (929001953301)
[2026-01-18 11:53:24] info: 	z2m: Configuring '0x001788010ceebf8f'
[2026-01-18 11:53:24] info: 	z2m:mqtt: MQTT publish: topic 'zigbee2mqtt/bridge/event', payload '{"data":{"definition":{"description":"Hue white ambiance GU10 with Bluetooth","exposes":[{"features":[{"access":7,"description":"On/off state of this light","label":"State","name":"state","property":"state","type":"binary","value_off":"OFF","value_on":"ON","value_toggle":"TOGGLE"},{"access":7,"description":"Brightness of this light","label":"Brightness","name":"brightness","property":"brightness","type":"numeric","value_max":254,"value_min":0},{"access":7,"description":"Color temperature of this light","label":"Color temp","name":"color_temp","presets":[{"description":"Coolest temperature supported","name":"coolest","value":153},{"description":"Cool temperature (250 mireds / 4000 Kelvin)","name":"cool","value":250},{"description":"Neutral temperature (370 mireds / 2700 Kelvin)","name":"neutral","value":370},{"description":"Warm temperature (454 mireds / 2200 Kelvin)","name":"warm","value":454},{"description":"Warmest temperature supported","name":"warmest","value":454}],"property":"color_temp","type":"numeric","unit":"mired","value_max":454,"value_min":153},{"access":7,"description":"Color temperature after cold power on of this light","label":"Color temp startup","name":"color_temp_startup","presets":[{"description":"Coolest temperature supported","name":"coolest","value":153},{"description":"Cool temperature (250 mireds / 4000 Kelvin)","name":"cool","value":250},{"description":"Neutral temperature (370 mireds / 2700 Kelvin)","name":"neutral","value":370},{"description":"Warm temperature (454 mireds / 2200 Kelvin)","name":"warm","value":454},{"description":"Warmest temperature supported","name":"warmest","value":454},{"description":"Restore previous color_temp on cold power on","name":"previous","value":65535}],"property":"color_temp_startup","type":"numeric","unit":"mired","value_max":454,"value_min":153}],"type":"light"},{"access":7,"category":"config","description":"Controls the behavior when the device is powered on after power loss","label":"Power-on behavior","name":"power_on_behavior","property":"power_on_behavior","type":"enum","values":["off","on","toggle","previous"]},{"access":2,"label":"Effect","name":"effect","property":"effect","type":"enum","values":["blink","breathe","okay","channel_change","candle","finish_effect","stop_effect","stop_hue_effect"]},{"access":1,"category":"diagnostic","description":"Link quality (signal strength)","label":"Linkquality","name":"linkquality","property":"linkquality","type":"numeric","unit":"lqi","value_max":255,"value_min":0}],"model":"929001953301","options":[{"access":2,"description":"Controls the transition time (in seconds) of on/off, brightness, color temperature (if applicable) and color (if applicable) changes. Defaults to `0` (no transition).","label":"Transition","name":"transition","property":"transition","type":"numeric","value_min":0,"value_step":0.1},{"access":2,"description":"When enabled colors will be synced, e.g. if the light supports both color x/y and color temperature a conversion from color x/y to color temperature will be done when setting the x/y color (default true).","label":"Color sync","name":"color_sync","property":"color_sync","type":"binary","value_off":false,"value_on":true},{"access":2,"description":"State actions will also be published as 'action' when true (default false).","label":"State action","name":"state_action","property":"state_action","type":"binary","value_off":false,"value_on":true}],"source":"native","supports_ota":true,"vendor":"Philips"},"friendly_name":"0x001788010ceebf8f","ieee_address":"0x001788010ceebf8f","status":"successful","supported":true},"type":"device_interview"}'
[2026-01-18 11:53:24] info: 	z2m: Successfully configured '0x001788010ceebf8f'
[2026-01-18 11:53:54] info: 	zh:ember: [STACK STATUS] Network closed.
[2026-01-18 11:54:17] info: 	z2m:mqtt: MQTT publish: topic 'zigbee2mqtt/0x001788010ceebf8f', payload '{"linkquality":192,"state":"ON"}'
[2026-01-18 11:54:19] info: 	z2m:mqtt: MQTT publish: topic 'zigbee2mqtt/0x001788010ceebf8f', payload '{"linkquality":188,"state":"OFF"}'
[2026-01-18 11:54:24] info: 	z2m:mqtt: MQTT publish: topic 'zigbee2mqtt/0x001788010ceebf8f', payload '{"linkquality":192,"state":"ON"}'
[2026-01-18 11:54:26] info: 	z2m:mqtt: MQTT publish: topic 'zigbee2mqtt/0x001788010ceebf8f', payload '{"linkquality":188,"state":"OFF"}'
[2026-01-18 11:54:26] info: 	z2m:mqtt: MQTT publish: topic 'zigbee2mqtt/0x001788010ceebf8f', payload '{"linkquality":184,"state":"ON"}'
[2026-01-18 11:54:44] info: 	z2m:mqtt: MQTT publish: topic 'zigbee2mqtt/0x001788010ceebf8f', payload ''
[2026-01-18 11:54:44] info: 	z2m:mqtt: MQTT publish: topic 'zigbee2mqtt/hue_livingroom3', payload '{"linkquality":184,"state":"ON"}'
[2026-01-18 11:54:44] info: 	z2m:mqtt: MQTT publish: topic 'zigbee2mqtt/bridge/response/device/rename', payload '{"data":{"from":"0x001788010ceebf8f","homeassistant_rename":false,"to":"hue_livingroom3"},"status":"ok","transaction":"e7nae-11"}'
[2026-01-18 11:55:04] info: 	zh:controller: Interview for '0x001788010c447ed2' started
[2026-01-18 11:55:04] info: 	z2m: Device '0x001788010c447ed2' joined
[2026-01-18 11:55:04] info: 	z2m: Starting interview of '0x001788010c447ed2'
[2026-01-18 11:55:04] info: 	z2m:mqtt: MQTT publish: topic 'zigbee2mqtt/bridge/event', payload '{"data":{"friendly_name":"0x001788010c447ed2","ieee_address":"0x001788010c447ed2"},"type":"device_joined"}'
[2026-01-18 11:55:04] info: 	z2m:mqtt: MQTT publish: topic 'zigbee2mqtt/bridge/event', payload '{"data":{"friendly_name":"0x001788010c447ed2","ieee_address":"0x001788010c447ed2","status":"started"},"type":"device_interview"}'
[2026-01-18 11:55:04] info: 	z2m: Zigbee: allowing new devices to join.
[2026-01-18 11:55:04] info: 	zh:ember: [STACK STATUS] Network opened.
[2026-01-18 11:55:05] info: 	z2m:mqtt: MQTT publish: topic 'zigbee2mqtt/bridge/response/permit_join', payload '{"data":{"time":254},"status":"ok","transaction":"e7nae-12"}'
[2026-01-18 11:55:07] info: 	z2m:mqtt: MQTT publish: topic 'zigbee2mqtt/bridge/event', payload '{"data":{"friendly_name":"0x001788010c447ed2","ieee_address":"0x001788010c447ed2"},"type":"device_announce"}'
[2026-01-18 11:55:10] info: 	zh:controller: Succesfully interviewed '0x001788010c447ed2'
[2026-01-18 11:55:10] info: 	z2m: Successfully interviewed '0x001788010c447ed2', device has successfully been paired
[2026-01-18 11:55:10] info: 	z2m: Device '0x001788010c447ed2' is supported, identified as: Philips Hue white ambiance GU10 with Bluetooth (929001953301)
[2026-01-18 11:55:10] info: 	z2m: Configuring '0x001788010c447ed2'
[2026-01-18 11:55:10] info: 	z2m:mqtt: MQTT publish: topic 'zigbee2mqtt/bridge/event', payload '{"data":{"definition":{"description":"Hue white ambiance GU10 with Bluetooth","exposes":[{"features":[{"access":7,"description":"On/off state of this light","label":"State","name":"state","property":"state","type":"binary","value_off":"OFF","value_on":"ON","value_toggle":"TOGGLE"},{"access":7,"description":"Brightness of this light","label":"Brightness","name":"brightness","property":"brightness","type":"numeric","value_max":254,"value_min":0},{"access":7,"description":"Color temperature of this light","label":"Color temp","name":"color_temp","presets":[{"description":"Coolest temperature supported","name":"coolest","value":153},{"description":"Cool temperature (250 mireds / 4000 Kelvin)","name":"cool","value":250},{"description":"Neutral temperature (370 mireds / 2700 Kelvin)","name":"neutral","value":370},{"description":"Warm temperature (454 mireds / 2200 Kelvin)","name":"warm","value":454},{"description":"Warmest temperature supported","name":"warmest","value":454}],"property":"color_temp","type":"numeric","unit":"mired","value_max":454,"value_min":153},{"access":7,"description":"Color temperature after cold power on of this light","label":"Color temp startup","name":"color_temp_startup","presets":[{"description":"Coolest temperature supported","name":"coolest","value":153},{"description":"Cool temperature (250 mireds / 4000 Kelvin)","name":"cool","value":250},{"description":"Neutral temperature (370 mireds / 2700 Kelvin)","name":"neutral","value":370},{"description":"Warm temperature (454 mireds / 2200 Kelvin)","name":"warm","value":454},{"description":"Warmest temperature supported","name":"warmest","value":454},{"description":"Restore previous color_temp on cold power on","name":"previous","value":65535}],"property":"color_temp_startup","type":"numeric","unit":"mired","value_max":454,"value_min":153}],"type":"light"},{"access":7,"category":"config","description":"Controls the behavior when the device is powered on after power loss","label":"Power-on behavior","name":"power_on_behavior","property":"power_on_behavior","type":"enum","values":["off","on","toggle","previous"]},{"access":2,"label":"Effect","name":"effect","property":"effect","type":"enum","values":["blink","breathe","okay","channel_change","candle","finish_effect","stop_effect","stop_hue_effect"]},{"access":1,"category":"diagnostic","description":"Link quality (signal strength)","label":"Linkquality","name":"linkquality","property":"linkquality","type":"numeric","unit":"lqi","value_max":255,"value_min":0}],"model":"929001953301","options":[{"access":2,"description":"Controls the transition time (in seconds) of on/off, brightness, color temperature (if applicable) and color (if applicable) changes. Defaults to `0` (no transition).","label":"Transition","name":"transition","property":"transition","type":"numeric","value_min":0,"value_step":0.1},{"access":2,"description":"When enabled colors will be synced, e.g. if the light supports both color x/y and color temperature a conversion from color x/y to color temperature will be done when setting the x/y color (default true).","label":"Color sync","name":"color_sync","property":"color_sync","type":"binary","value_off":false,"value_on":true},{"access":2,"description":"State actions will also be published as 'action' when true (default false).","label":"State action","name":"state_action","property":"state_action","type":"binary","value_off":false,"value_on":true}],"source":"native","supports_ota":true,"vendor":"Philips"},"friendly_name":"0x001788010c447ed2","ieee_address":"0x001788010c447ed2","status":"successful","supported":true},"type":"device_interview"}'
[2026-01-18 11:55:10] info: 	z2m: Successfully configured '0x001788010c447ed2'
[2026-01-18 11:55:13] info: 	z2m:mqtt: MQTT publish: topic 'zigbee2mqtt/0x001788010c447ed2', payload '{"linkquality":180,"state":"ON"}'
[2026-01-18 11:55:14] info: 	z2m:mqtt: MQTT publish: topic 'zigbee2mqtt/0x001788010c447ed2', payload '{"linkquality":176,"state":"OFF"}'
[2026-01-18 11:55:14] info: 	z2m:mqtt: MQTT publish: topic 'zigbee2mqtt/0x001788010c447ed2', payload '{"linkquality":176,"state":"ON"}'
[2026-01-18 11:55:28] info: 	z2m:mqtt: MQTT publish: topic 'zigbee2mqtt/0x001788010c447ed2', payload ''
[2026-01-18 11:55:28] info: 	z2m:mqtt: MQTT publish: topic 'zigbee2mqtt/hue_livingroom4', payload '{"linkquality":176,"state":"ON"}'
[2026-01-18 11:55:28] info: 	z2m:mqtt: MQTT publish: topic 'zigbee2mqtt/bridge/response/device/rename', payload '{"data":{"from":"0x001788010c447ed2","homeassistant_rename":false,"to":"hue_livingroom4"},"status":"ok","transaction":"e7nae-13"}'
[2026-01-18 11:55:38] info: 	z2m:mqtt: MQTT publish: topic 'zigbee2mqtt/hue_bedroom2', payload '{"linkquality":80,"state":"ON","update":{"installed_version":16787202,"latest_version":16787202,"state":"idle"}}'
[2026-01-18 11:55:50] info: 	zh:controller: Interview for '0x001788010c447e9f' started
[2026-01-18 11:55:50] info: 	z2m: Device '0x001788010c447e9f' joined
[2026-01-18 11:55:50] info: 	z2m: Starting interview of '0x001788010c447e9f'
[2026-01-18 11:55:50] info: 	z2m:mqtt: MQTT publish: topic 'zigbee2mqtt/bridge/event', payload '{"data":{"friendly_name":"0x001788010c447e9f","ieee_address":"0x001788010c447e9f"},"type":"device_joined"}'
[2026-01-18 11:55:50] info: 	z2m:mqtt: MQTT publish: topic 'zigbee2mqtt/bridge/event', payload '{"data":{"friendly_name":"0x001788010c447e9f","ieee_address":"0x001788010c447e9f","status":"started"},"type":"device_interview"}'
[2026-01-18 11:55:50] info: 	z2m:mqtt: MQTT publish: topic 'zigbee2mqtt/bridge/event', payload '{"data":{"friendly_name":"0x001788010c447e9f","ieee_address":"0x001788010c447e9f"},"type":"device_announce"}'
[2026-01-18 11:55:51] info: 	zh:controller: Succesfully interviewed '0x001788010c447e9f'
[2026-01-18 11:55:51] info: 	z2m: Successfully interviewed '0x001788010c447e9f', device has successfully been paired
[2026-01-18 11:55:51] info: 	z2m: Device '0x001788010c447e9f' is supported, identified as: Philips Hue white ambiance GU10 with Bluetooth (929001953301)
[2026-01-18 11:55:51] info: 	z2m: Configuring '0x001788010c447e9f'
[2026-01-18 11:55:51] info: 	z2m:mqtt: MQTT publish: topic 'zigbee2mqtt/bridge/event', payload '{"data":{"definition":{"description":"Hue white ambiance GU10 with Bluetooth","exposes":[{"features":[{"access":7,"description":"On/off state of this light","label":"State","name":"state","property":"state","type":"binary","value_off":"OFF","value_on":"ON","value_toggle":"TOGGLE"},{"access":7,"description":"Brightness of this light","label":"Brightness","name":"brightness","property":"brightness","type":"numeric","value_max":254,"value_min":0},{"access":7,"description":"Color temperature of this light","label":"Color temp","name":"color_temp","presets":[{"description":"Coolest temperature supported","name":"coolest","value":153},{"description":"Cool temperature (250 mireds / 4000 Kelvin)","name":"cool","value":250},{"description":"Neutral temperature (370 mireds / 2700 Kelvin)","name":"neutral","value":370},{"description":"Warm temperature (454 mireds / 2200 Kelvin)","name":"warm","value":454},{"description":"Warmest temperature supported","name":"warmest","value":454}],"property":"color_temp","type":"numeric","unit":"mired","value_max":454,"value_min":153},{"access":7,"description":"Color temperature after cold power on of this light","label":"Color temp startup","name":"color_temp_startup","presets":[{"description":"Coolest temperature supported","name":"coolest","value":153},{"description":"Cool temperature (250 mireds / 4000 Kelvin)","name":"cool","value":250},{"description":"Neutral temperature (370 mireds / 2700 Kelvin)","name":"neutral","value":370},{"description":"Warm temperature (454 mireds / 2200 Kelvin)","name":"warm","value":454},{"description":"Warmest temperature supported","name":"warmest","value":454},{"description":"Restore previous color_temp on cold power on","name":"previous","value":65535}],"property":"color_temp_startup","type":"numeric","unit":"mired","value_max":454,"value_min":153}],"type":"light"},{"access":7,"category":"config","description":"Controls the behavior when the device is powered on after power loss","label":"Power-on behavior","name":"power_on_behavior","property":"power_on_behavior","type":"enum","values":["off","on","toggle","previous"]},{"access":2,"label":"Effect","name":"effect","property":"effect","type":"enum","values":["blink","breathe","okay","channel_change","candle","finish_effect","stop_effect","stop_hue_effect"]},{"access":1,"category":"diagnostic","description":"Link quality (signal strength)","label":"Linkquality","name":"linkquality","property":"linkquality","type":"numeric","unit":"lqi","value_max":255,"value_min":0}],"model":"929001953301","options":[{"access":2,"description":"Controls the transition time (in seconds) of on/off, brightness, color temperature (if applicable) and color (if applicable) changes. Defaults to `0` (no transition).","label":"Transition","name":"transition","property":"transition","type":"numeric","value_min":0,"value_step":0.1},{"access":2,"description":"When enabled colors will be synced, e.g. if the light supports both color x/y and color temperature a conversion from color x/y to color temperature will be done when setting the x/y color (default true).","label":"Color sync","name":"color_sync","property":"color_sync","type":"binary","value_off":false,"value_on":true},{"access":2,"description":"State actions will also be published as 'action' when true (default false).","label":"State action","name":"state_action","property":"state_action","type":"binary","value_off":false,"value_on":true}],"source":"native","supports_ota":true,"vendor":"Philips"},"friendly_name":"0x001788010c447e9f","ieee_address":"0x001788010c447e9f","status":"successful","supported":true},"type":"device_interview"}'
[2026-01-18 11:55:52] info: 	z2m: Successfully configured '0x001788010c447e9f'
[2026-01-18 11:55:57] info: 	z2m:mqtt: MQTT publish: topic 'zigbee2mqtt/0x001788010c447e9f', payload '{"linkquality":172,"state":"ON"}'
[2026-01-18 11:55:58] info: 	z2m:mqtt: MQTT publish: topic 'zigbee2mqtt/0x001788010c447e9f', payload '{"linkquality":172,"state":"OFF"}'
[2026-01-18 11:55:58] info: 	z2m:mqtt: MQTT publish: topic 'zigbee2mqtt/0x001788010c447e9f', payload '{"linkquality":172,"state":"ON"}'
[2026-01-18 11:56:11] info: 	z2m:mqtt: MQTT publish: topic 'zigbee2mqtt/hue_bedroom1', payload '{"linkquality":196,"state":"ON","update":{"installed_version":16787202,"latest_version":16787202,"state":"idle"}}'
[2026-01-18 11:56:13] info: 	z2m:mqtt: MQTT publish: topic 'zigbee2mqtt/0x001788010c447e9f', payload ''
[2026-01-18 11:56:13] info: 	z2m:mqtt: MQTT publish: topic 'zigbee2mqtt/hue_livingroom5', payload '{"linkquality":172,"state":"ON"}'
[2026-01-18 11:56:13] info: 	z2m:mqtt: MQTT publish: topic 'zigbee2mqtt/bridge/response/device/rename', payload '{"data":{"from":"0x001788010c447e9f","homeassistant_rename":false,"to":"hue_livingroom5"},"status":"ok","transaction":"e7nae-14"}'
[2026-01-18 11:56:21] info: 	zh:controller: Interview for '0x001788010ceebd6a' started
[2026-01-18 11:56:21] info: 	z2m: Device '0x001788010ceebd6a' joined
[2026-01-18 11:56:21] info: 	z2m: Starting interview of '0x001788010ceebd6a'
[2026-01-18 11:56:21] info: 	z2m:mqtt: MQTT publish: topic 'zigbee2mqtt/bridge/event', payload '{"data":{"friendly_name":"0x001788010ceebd6a","ieee_address":"0x001788010ceebd6a"},"type":"device_joined"}'
[2026-01-18 11:56:21] info: 	z2m:mqtt: MQTT publish: topic 'zigbee2mqtt/bridge/event', payload '{"data":{"friendly_name":"0x001788010ceebd6a","ieee_address":"0x001788010ceebd6a","status":"started"},"type":"device_interview"}'
[2026-01-18 11:56:21] info: 	z2m:mqtt: MQTT publish: topic 'zigbee2mqtt/bridge/event', payload '{"data":{"friendly_name":"0x001788010ceebd6a","ieee_address":"0x001788010ceebd6a"},"type":"device_announce"}'
[2026-01-18 11:56:23] info: 	zh:controller: Succesfully interviewed '0x001788010ceebd6a'
[2026-01-18 11:56:23] info: 	z2m: Successfully interviewed '0x001788010ceebd6a', device has successfully been paired
[2026-01-18 11:56:23] info: 	z2m: Device '0x001788010ceebd6a' is supported, identified as: Philips Hue white ambiance GU10 with Bluetooth (929001953301)
[2026-01-18 11:56:23] info: 	z2m: Configuring '0x001788010ceebd6a'
[2026-01-18 11:56:23] info: 	z2m:mqtt: MQTT publish: topic 'zigbee2mqtt/bridge/event', payload '{"data":{"definition":{"description":"Hue white ambiance GU10 with Bluetooth","exposes":[{"features":[{"access":7,"description":"On/off state of this light","label":"State","name":"state","property":"state","type":"binary","value_off":"OFF","value_on":"ON","value_toggle":"TOGGLE"},{"access":7,"description":"Brightness of this light","label":"Brightness","name":"brightness","property":"brightness","type":"numeric","value_max":254,"value_min":0},{"access":7,"description":"Color temperature of this light","label":"Color temp","name":"color_temp","presets":[{"description":"Coolest temperature supported","name":"coolest","value":153},{"description":"Cool temperature (250 mireds / 4000 Kelvin)","name":"cool","value":250},{"description":"Neutral temperature (370 mireds / 2700 Kelvin)","name":"neutral","value":370},{"description":"Warm temperature (454 mireds / 2200 Kelvin)","name":"warm","value":454},{"description":"Warmest temperature supported","name":"warmest","value":454}],"property":"color_temp","type":"numeric","unit":"mired","value_max":454,"value_min":153},{"access":7,"description":"Color temperature after cold power on of this light","label":"Color temp startup","name":"color_temp_startup","presets":[{"description":"Coolest temperature supported","name":"coolest","value":153},{"description":"Cool temperature (250 mireds / 4000 Kelvin)","name":"cool","value":250},{"description":"Neutral temperature (370 mireds / 2700 Kelvin)","name":"neutral","value":370},{"description":"Warm temperature (454 mireds / 2200 Kelvin)","name":"warm","value":454},{"description":"Warmest temperature supported","name":"warmest","value":454},{"description":"Restore previous color_temp on cold power on","name":"previous","value":65535}],"property":"color_temp_startup","type":"numeric","unit":"mired","value_max":454,"value_min":153}],"type":"light"},{"access":7,"category":"config","description":"Controls the behavior when the device is powered on after power loss","label":"Power-on behavior","name":"power_on_behavior","property":"power_on_behavior","type":"enum","values":["off","on","toggle","previous"]},{"access":2,"label":"Effect","name":"effect","property":"effect","type":"enum","values":["blink","breathe","okay","channel_change","candle","finish_effect","stop_effect","stop_hue_effect"]},{"access":1,"category":"diagnostic","description":"Link quality (signal strength)","label":"Linkquality","name":"linkquality","property":"linkquality","type":"numeric","unit":"lqi","value_max":255,"value_min":0}],"model":"929001953301","options":[{"access":2,"description":"Controls the transition time (in seconds) of on/off, brightness, color temperature (if applicable) and color (if applicable) changes. Defaults to `0` (no transition).","label":"Transition","name":"transition","property":"transition","type":"numeric","value_min":0,"value_step":0.1},{"access":2,"description":"When enabled colors will be synced, e.g. if the light supports both color x/y and color temperature a conversion from color x/y to color temperature will be done when setting the x/y color (default true).","label":"Color sync","name":"color_sync","property":"color_sync","type":"binary","value_off":false,"value_on":true},{"access":2,"description":"State actions will also be published as 'action' when true (default false).","label":"State action","name":"state_action","property":"state_action","type":"binary","value_off":false,"value_on":true}],"source":"native","supports_ota":true,"vendor":"Philips"},"friendly_name":"0x001788010ceebd6a","ieee_address":"0x001788010ceebd6a","status":"successful","supported":true},"type":"device_interview"}'
[2026-01-18 11:56:23] info: 	z2m: Successfully configured '0x001788010ceebd6a'
[2026-01-18 11:56:26] info: 	z2m:mqtt: MQTT publish: topic 'zigbee2mqtt/0x001788010ceebd6a', payload '{"linkquality":168,"state":"ON"}'
[2026-01-18 11:56:27] info: 	z2m:mqtt: MQTT publish: topic 'zigbee2mqtt/0x001788010ceebd6a', payload '{"linkquality":172,"state":"OFF"}'
[2026-01-18 11:56:28] info: 	z2m:mqtt: MQTT publish: topic 'zigbee2mqtt/0x001788010ceebd6a', payload '{"linkquality":188,"state":"ON"}'
[2026-01-18 11:56:41] info: 	z2m:mqtt: MQTT publish: topic 'zigbee2mqtt/hue_bedroom3', payload '{"brightness":254,"color_mode":"color_temp","color_temp":366,"linkquality":176,"state":"ON","update":{"installed_version":16787202,"latest_version":16787202,"state":"idle"}}'
[2026-01-18 11:56:43] info: 	z2m:mqtt: MQTT publish: topic 'zigbee2mqtt/0x001788010ceebd6a', payload ''
[2026-01-18 11:56:43] info: 	z2m:mqtt: MQTT publish: topic 'zigbee2mqtt/hue_livingroom6', payload '{"linkquality":188,"state":"ON"}'
[2026-01-18 11:56:43] info: 	z2m:mqtt: MQTT publish: topic 'zigbee2mqtt/bridge/response/device/rename', payload '{"data":{"from":"0x001788010ceebd6a","homeassistant_rename":false,"to":"hue_livingroom6"},"status":"ok","transaction":"e7nae-15"}'
[2026-01-18 11:57:18] info: 	z2m:mqtt: MQTT publish: topic 'zigbee2mqtt/hue_livingroom1', payload '{"linkquality":168,"state":"ON","update":{"installed_version":16787202,"latest_version":16787202,"state":"idle"}}'
[2026-01-18 11:57:29] info: 	z2m:mqtt: MQTT publish: topic 'zigbee2mqtt/hue_livingroom2', payload '{"linkquality":176,"state":"ON","update":{"installed_version":16787202,"latest_version":16787202,"state":"idle"}}'
[2026-01-18 11:58:36] info: 	zh:controller: Interview for '0x90ab96fffe21ed09' started
[2026-01-18 11:58:36] info: 	z2m: Device '0x90ab96fffe21ed09' joined
[2026-01-18 11:58:36] info: 	z2m: Starting interview of '0x90ab96fffe21ed09'
[2026-01-18 11:58:36] info: 	z2m:mqtt: MQTT publish: topic 'zigbee2mqtt/bridge/event', payload '{"data":{"friendly_name":"0x90ab96fffe21ed09","ieee_address":"0x90ab96fffe21ed09"},"type":"device_joined"}'
[2026-01-18 11:58:36] info: 	z2m:mqtt: MQTT publish: topic 'zigbee2mqtt/bridge/event', payload '{"data":{"friendly_name":"0x90ab96fffe21ed09","ieee_address":"0x90ab96fffe21ed09","status":"started"},"type":"device_interview"}'
[2026-01-18 11:58:36] info: 	z2m:mqtt: MQTT publish: topic 'zigbee2mqtt/bridge/event', payload '{"data":{"friendly_name":"0x90ab96fffe21ed09","ieee_address":"0x90ab96fffe21ed09"},"type":"device_announce"}'
[2026-01-18 11:58:37] info: 	zh:controller: Succesfully interviewed '0x90ab96fffe21ed09'
[2026-01-18 11:58:37] info: 	z2m: Successfully interviewed '0x90ab96fffe21ed09', device has successfully been paired
[2026-01-18 11:58:37] info: 	z2m: Device '0x90ab96fffe21ed09' is supported, identified as: IKEA TRADFRI bulb E26/E27, color/white spectrum, globe, opal, 800/806/810 lm (LED2109G6)
[2026-01-18 11:58:37] info: 	z2m: Configuring '0x90ab96fffe21ed09'
[2026-01-18 11:58:37] info: 	z2m:mqtt: MQTT publish: topic 'zigbee2mqtt/bridge/event', payload '{"data":{"definition":{"description":"TRADFRI bulb E26/E27, color/white spectrum, globe, opal, 800/806/810 lm","exposes":[{"features":[{"access":7,"description":"On/off state of this light","label":"State","name":"state","property":"state","type":"binary","value_off":"OFF","value_on":"ON","value_toggle":"TOGGLE"},{"access":7,"description":"Brightness of this light","label":"Brightness","name":"brightness","property":"brightness","type":"numeric","value_max":254,"value_min":0},{"access":7,"description":"Color temperature of this light","label":"Color temp","name":"color_temp","presets":[{"description":"Coolest temperature supported","name":"coolest","value":250},{"description":"Cool temperature (250 mireds / 4000 Kelvin)","name":"cool","value":250},{"description":"Neutral temperature (370 mireds / 2700 Kelvin)","name":"neutral","value":370},{"description":"Warm temperature (454 mireds / 2200 Kelvin)","name":"warm","value":454},{"description":"Warmest temperature supported","name":"warmest","value":454}],"property":"color_temp","type":"numeric","unit":"mired","value_max":454,"value_min":250},{"access":7,"description":"Color temperature after cold power on of this light","label":"Color temp startup","name":"color_temp_startup","presets":[{"description":"Coolest temperature supported","name":"coolest","value":250},{"description":"Cool temperature (250 mireds / 4000 Kelvin)","name":"cool","value":250},{"description":"Neutral temperature (370 mireds / 2700 Kelvin)","name":"neutral","value":370},{"description":"Warm temperature (454 mireds / 2200 Kelvin)","name":"warm","value":454},{"description":"Warmest temperature supported","name":"warmest","value":454},{"description":"Restore previous color_temp on cold power on","name":"previous","value":65535}],"property":"color_temp_startup","type":"numeric","unit":"mired","value_max":454,"value_min":250},{"access":7,"description":"Color of this light in the CIE 1931 color space (x/y)","features":[{"access":7,"label":"X","name":"x","property":"x","type":"numeric"},{"access":7,"label":"Y","name":"y","property":"y","type":"numeric"}],"label":"Color (X/Y)","name":"color_xy","property":"color","type":"composite"},{"access":7,"description":"Color of this light expressed as hue/saturation","features":[{"access":7,"label":"Hue","name":"hue","property":"hue","type":"numeric"},{"access":7,"label":"Saturation","name":"saturation","property":"saturation","type":"numeric"}],"label":"Color (HS)","name":"color_hs","property":"color","type":"composite"},{"access":7,"description":"Configure genLevelCtrl","features":[{"access":7,"description":"this setting can affect the \"on_level\", \"current_level_startup\" or \"brightness\" setting","label":"Execute if off","name":"execute_if_off","property":"execute_if_off","type":"binary","value_off":false,"value_on":true},{"access":7,"description":"Defines the desired startup level for a device when it is supplied with power","label":"Current level startup","name":"current_level_startup","presets":[{"description":"Use minimum permitted value","name":"minimum","value":"minimum"},{"description":"Use previous value","name":"previous","value":"previous"}],"property":"current_level_startup","type":"numeric","value_max":254,"value_min":1}],"label":"Level config","name":"level_config","property":"level_config","type":"composite"}],"type":"light"},{"access":2,"description":"Triggers an effect on the light (e.g. make light blink for a few seconds)","label":"Effect","name":"effect","property":"effect","type":"enum","values":["blink","breathe","okay","channel_change","finish_effect","stop_effect","colorloop","stop_colorloop"]},{"access":7,"category":"config","description":"Controls the behavior when the device is powered on after power loss","label":"Power-on behavior","name":"power_on_behavior","property":"power_on_behavior","type":"enum","values":["off","on","toggle","previous"]},{"access":7,"category":"config","description":"Advanced color behavior","features":[{"access":2,"description":"Controls whether color and color temperature can be set while light is off","label":"Execute if off","name":"execute_if_off","property":"execute_if_off","type":"binary","value_off":false,"value_on":true}],"label":"Color options","name":"color_options","property":"color_options","type":"composite"},{"access":2,"category":"config","description":"Initiate device identification","label":"Identify","name":"identify","property":"identify","type":"enum","values":["identify"]},{"access":1,"category":"diagnostic","description":"Link quality (signal strength)","label":"Linkquality","name":"linkquality","property":"linkquality","type":"numeric","unit":"lqi","value_max":255,"value_min":0}],"model":"LED2109G6","options":[{"access":2,"description":"Controls the transition time (in seconds) of on/off, brightness, color temperature (if applicable) and color (if applicable) changes. Defaults to `0` (no transition).","label":"Transition","name":"transition","property":"transition","type":"numeric","value_min":0,"value_step":0.1},{"access":2,"description":"Whether to unfreeze IKEA lights (that are known to be frozen) before issuing a command, false: no unfreeze support, true: unfreeze support (default true).","label":"Unfreeze support","name":"unfreeze_support","property":"unfreeze_support","type":"binary","value_off":false,"value_on":true},{"access":2,"description":"When enabled colors will be synced, e.g. if the light supports both color x/y and color temperature a conversion from color x/y to color temperature will be done when setting the x/y color (default true).","label":"Color sync","name":"color_sync","property":"color_sync","type":"binary","value_off":false,"value_on":true},{"access":2,"description":"Sets the duration of the identification procedure in seconds (i.e., how long the device would flash).The value ranges from 1 to 30 seconds (default: 3).","label":"Identify timeout","name":"identify_timeout","property":"identify_timeout","type":"numeric","value_max":30,"value_min":1},{"access":2,"description":"State actions will also be published as 'action' when true (default false).","label":"State action","name":"state_action","property":"state_action","type":"binary","value_off":false,"value_on":true}],"source":"native","supports_ota":true,"vendor":"IKEA"},"friendly_name":"0x90ab96fffe21ed09","ieee_address":"0x90ab96fffe21ed09","status":"successful","supported":true},"type":"device_interview"}'
[2026-01-18 11:58:38] info: 	z2m: Successfully configured '0x90ab96fffe21ed09'
[2026-01-18 11:58:41] info: 	z2m:mqtt: MQTT publish: topic 'zigbee2mqtt/0x90ab96fffe21ed09', payload '{"linkquality":168,"state":"ON"}'
[2026-01-18 11:58:42] info: 	z2m:mqtt: MQTT publish: topic 'zigbee2mqtt/0x90ab96fffe21ed09', payload '{"linkquality":160,"state":"OFF"}'
[2026-01-18 11:58:43] info: 	z2m:mqtt: MQTT publish: topic 'zigbee2mqtt/bridge/health', payload '{"response_time":1768733923840,"os":{"load_average":[1.71,1.69,1.33],"memory_used_mb":1216.41,"memory_percent":32.0373},"process":{"uptime_sec":74415,"memory_used_mb":140.07,"memory_percent":3.689},"mqtt":{"connected":true,"queued":0,"published":916,"received":78},"devices":{"0x180df9fffe6dc582":{"messages":21,"messages_per_sec":0.0003,"leave_count":0,"network_address_changes":0},"0x180df9fffe11030e":{"messages":25,"messages_per_sec":0.0003,"leave_count":0,"network_address_changes":0},"0x180df9fffe380cc7":{"messages":49,"messages_per_sec":0.0007,"leave_count":0,"network_address_changes":0},"0x180df9fffe384006":{"messages":19,"messages_per_sec":0.0003,"leave_count":0,"network_address_changes":0},"0x001788010c447ec6":{"messages":26,"messages_per_sec":0.0004,"leave_count":0,"network_address_changes":0},"0x001788010c447ff2":{"messages":17,"messages_per_sec":0.0322,"leave_count":0,"network_address_changes":0},"0x001788010cf32580":{"messages":19,"messages_per_sec":0.0397,"leave_count":0,"network_address_changes":0},"0x001788010c447da7":{"messages":18,"messages_per_sec":0.043,"leave_count":0,"network_address_changes":0},"0x001788010c4aba37":{"messages":17,"messages_per_sec":0.0442,"leave_count":0,"network_address_changes":0},"0x001788010ceebf8f":{"messages":18,"messages_per_sec":0.0563,"leave_count":0,"network_address_changes":0},"0x001788010c447ed2":{"messages":17,"messages_per_sec":0.0775,"leave_count":0,"network_address_changes":0},"0x001788010c447e9f":{"messages":16,"messages_per_sec":0.0921,"leave_count":0,"network_address_changes":0},"0x001788010ceebd6a":{"messages":16,"messages_per_sec":0.1127,"leave_count":0,"network_address_changes":0},"0x90ab96fffe21ed09":{"messages":15,"messages_per_sec":2.0213,"leave_count":0,"network_address_changes":0}}}'
[2026-01-18 11:58:43] info: 	z2m:mqtt: MQTT publish: topic 'zigbee2mqtt/0x90ab96fffe21ed09', payload '{"linkquality":160,"state":"ON"}'
[2026-01-18 11:58:45] info: 	z2m:mqtt: MQTT publish: topic 'zigbee2mqtt/0x90ab96fffe21ed09', payload '{"linkquality":160,"state":"OFF"}'
[2026-01-18 11:58:45] info: 	z2m:mqtt: MQTT publish: topic 'zigbee2mqtt/0x90ab96fffe21ed09', payload '{"linkquality":168,"state":"ON"}'
[2026-01-18 11:58:48] info: 	z2m:mqtt: MQTT publish: topic 'zigbee2mqtt/0x90ab96fffe21ed09', payload '{"brightness":184,"linkquality":168,"state":"ON"}'
[2026-01-18 11:58:50] info: 	z2m:mqtt: MQTT publish: topic 'zigbee2mqtt/0x90ab96fffe21ed09', payload '{"brightness":184,"color":{"x":0.7347,"y":0.2653},"color_mode":"xy","linkquality":160,"state":"ON"}'
[2026-01-18 11:58:53] info: 	z2m:mqtt: MQTT publish: topic 'zigbee2mqtt/0x90ab96fffe21ed09', payload '{"brightness":184,"color":{"x":0.5578274813887534,"y":0.43879547768310834},"color_mode":"xy","linkquality":156,"state":"ON"}'
[2026-01-18 11:59:15] info: 	zh:ember: [STACK STATUS] Network closed.
[2026-01-18 11:59:19] info: 	z2m:mqtt: MQTT publish: topic 'zigbee2mqtt/hue_livingroom3', payload '{"linkquality":200,"state":"ON","update":{"installed_version":16787202,"latest_version":16787202,"state":"idle"}}'
